apparatusId;apparatusVersion;apparatusSensorType;apparatusTubeType;temperature;value;hitsNumber;calibrationFunction;startTime;endTime;latitude;longitude;accuracy;altitude;altitudeAccuracy;endLatitude;endLongitude;endAccuracy;endAltitude;endAltitudeAccuracy;deviceUuid;devicePlatform;deviceVersion;deviceModel;reportUuid;manualReporting;organisationReporting;description;measurementHeight;userId;measurementEnvironment;rain;flightNumber;seatNumber;windowSeat;storm;flightId;refinedLatitude;refinedLongitude;refinedAltitude;refinedEndLatitude;refinedEndLongitude;refinedEndAltitude;departureTime;arrivalTime;airportOrigin;airportDestination;aircraftType;firstLatitude;firstLongitude;midLatitude;midLongitude;lastLatitude;lastLongitude;dateAndTimeOfCreation;qualification;qualificationVotesNumber;reliability;atypical;tags list
3021143173;RiumGm;geiger;J305γβ;23;0.11130428693080056;124;(0.00000003751 * (cps * 60 - 4) ^ 2 + 0.00965 * (cps * 60 - 4)) * 0.85;2025-03-24T09:14:26.266Z;2025-03-24T09:21:29.743Z;42.7043848;9.4460974;43.833;2;7.1945233;42.7038463;9.445883;30.5;10;;25eac9e9f708ad66;android;14;SM-S901B;9282933e-ac36-47f7-9f52-c18424a5bcb0;0;OpenRadiation app 3.0;;1;giocante_1;inside;false;;;;;;;;;;;;;;;;;;;;;;;2025-03-24T09:21:48.033Z;groundlevel;0;96;0;
1e532173;RiumGM BLE -b;geiger;J305γβ;22;0.17178911748448927;125;(0.00000003751 * (cps * 60 - 4) ^ 2 + 0.00965 * (cps * 60 - 4)) * 0.85;2025-03-21T08:54:47.408Z;2025-03-21T08:59:48.108Z;42.7036542;9.4458461;22.5;10;;42.7038056;9.4459628;48.166;70;;6bdfed74cbef14ad;android;10;CPH1931;2f1e53e0-f289-477f-94ad-61991e81eab6;0;OpenRadiation app 3.0;;0;giocante.lf--p;inside;false;;;;;;;;;;;;;;;;;;;;;;;2025-03-21T09:07:48.785Z;groundlevel;0;86;0;series_ea962263e5a028071d
1e532173;RiumGM BLE -b;geiger;J305γβ;22;0.139048959826028;105;(0.00000003751 * (cps * 60 - 4) ^ 2 + 0.00965 * (cps * 60 - 4)) * 0.85;2025-03-21T08:49:46.721Z;2025-03-21T08:54:47.424Z;42.7036542;9.4458461;22.5;10;;42.7036542;9.4458461;22.5;10;;6bdfed74cbef14ad;android;10;CPH1931;7c6c17e7-18e4-4b84-883a-ac8f9d94c174;0;OpenRadiation app 3.0;;0;giocante.lf--p;inside;false;;;;;;;;;;;;;;;;;;;;;;;2025-03-21T09:07:48.682Z;groundlevel;0;86;0;series_ea962263e5a028071d
1e532173;RiumGM BLE -b;geiger;J305γβ;22;0.13903010012641548;105;(0.00000003751 * (cps * 60 - 4) ^ 2 + 0.00965 * (cps * 60 - 4)) * 0.85;2025-03-21T08:44:46.027Z;2025-03-21T08:49:46.763Z;42.7036542;9.4458461;22.5;10;;42.7036542;9.4458461;22.5;10;;6bdfed74cbef14ad;android;10;CPH1931;64377c1c-a956-4402-8051-9729e2605832;0;OpenRadiation app 3.0;;0;giocante.lf--p;inside;false;;;;;;;;;;;;;;;;;;;;;;;2025-03-21T09:07:48.585Z;groundlevel;0;86;0;series_ea962263e5a028071d
1e532173;RiumGM BLE -b;geiger;J305γβ;22;0.13250255802527286;101;(0.00000003751 * (cps * 60 - 4) ^ 2 + 0.00965 * (cps * 60 - 4)) * 0.85;2025-03-21T08:39:45.344Z;2025-03-21T08:44:46.045Z;42.7036542;9.4458461;22.5;10;;42.7036542;9.4458461;22.5;10;;6bdfed74cbef14ad;android;10;CPH1931;f4821eaa-aac3-4045-ae74-de050acf5960;0;OpenRadiation app 3.0;;0;giocante.lf--p;inside;false;;;;;;;;;;;;;;;;;;;;;;;2025-03-21T09:07:48.486Z;groundlevel;0;86;0;series_ea962263e5a028071d
1e532173;RiumGM BLE -b;geiger;J305γβ;22;0.16528483103436464;121;(0.00000003751 * (cps * 60 - 4) ^ 2 + 0.00965 * (cps * 60 - 4)) * 0.85;2025-03-21T08:34:44.697Z;2025-03-21T08:39:45.331Z;42.7036542;9.4458461;22.5;10;;42.7036542;9.4458461;22.5;10;;6bdfed74cbef14ad;android;10;CPH1931;f4b710a5-cbb2-4155-9d0d-4b64955a6390;0;OpenRadiation app 3.0;;0;giocante.lf--p;inside;false;;;;;;;;;;;;;;;;;;;;;;;2025-03-21T09:07:48.385Z;groundlevel;0;86;0;series_ea962263e5a028071d
1e532173;RiumGM BLE -b;geiger;J305γβ;22;0.17997884089668978;130;(0.00000003751 * (cps * 60 - 4) ^ 2 + 0.00965 * (cps * 60 - 4)) * 0.85;2025-03-21T08:29:43.970Z;2025-03-21T08:34:44.663Z;42.7036542;9.4458461;22.5;10;;42.7036542;9.4458461;22.5;10;;6bdfed74cbef14ad;android;10;CPH1931;e4ca9929-6b59-4297-bf78-721ffec49d1e;0;OpenRadiation app 3.0;;0;giocante.lf--p;inside;false;;;;;;;;;;;;;;;;;;;;;;;2025-03-21T09:07:48.285Z;groundlevel;0;86;0;series_ea962263e5a028071d
1e532173;RiumGM BLE -b;geiger;J305γβ;22;0.16678800420393314;122;(0.00000003751 * (cps * 60 - 4) ^ 2 + 0.00965 * (cps * 60 - 4)) * 0.85;2025-03-21T08:24:43.294Z;2025-03-21T08:29:44.130Z;42.7036542;9.4458461;22.5;10;;42.7036542;9.4458461;22.5;10;;6bdfed74cbef14ad;android;10;CPH1931;98ec8d7f-a1d9-43d3-a7c9-27c56f239980;0;OpenRadiation app 3.0;;0;giocante.lf--p;inside;false;;;;;;;;;;;;;;;;;;;;;;;2025-03-21T09:07:48.186Z;groundlevel;0;86;0;series_ea962263e5a028071d
1e532173;RiumGM BLE -b;geiger;J305γβ;22;0.15872164683000722;117;(0.00000003751 * (cps * 60 - 4) ^ 2 + 0.00965 * (cps * 60 - 4)) * 0.85;2025-03-21T08:19:42.587Z;2025-03-21T08:24:43.243Z;42.7036542;9.4458461;22.5;10;;42.7036542;9.4458461;22.5;10;;6bdfed74cbef14ad;android;10;CPH1931;e9227194-8977-4480-9312-ff82eee22db1;0;OpenRadiation app 3.0;;0;giocante.lf--p;inside;false;;;;;;;;;;;;;;;;;;;;;;;2025-03-21T09:07:48.094Z;groundlevel;0;86;0;series_ea962263e5a028071d
1e532173;RiumGM BLE -b;geiger;J305γβ;22;0.16852527175401796;123;(0.00000003751 * (cps * 60 - 4) ^ 2 + 0.00965 * (cps * 60 - 4)) * 0.85;2025-03-21T08:14:41.884Z;2025-03-21T08:19:42.569Z;42.7036542;9.4458461;22.5;10;;42.7036542;9.4458461;22.5;10;;6bdfed74cbef14ad;android;10;CPH1931;c96b26ce-3151-402f-8cc1-012dc25a033c;0;OpenRadiation app 3.0;;0;giocante.lf--p;inside;false;;;;;;;;;;;;;;;;;;;;;;;2025-03-21T09:07:47.994Z;groundlevel;0;86;0;series_ea962263e5a028071d
1e532173;RiumGM BLE -b;geiger;J305γβ;21;0.17182178543734378;125;(0.00000003751 * (cps * 60 - 4) ^ 2 + 0.00965 * (cps * 60 - 4)) * 0.85;2025-03-21T08:09:41.228Z;2025-03-21T08:14:41.880Z;42.7036542;9.4458461;22.5;10;;42.7036542;9.4458461;22.5;10;;6bdfed74cbef14ad;android;10;CPH1931;be99a610-c01b-46a4-99bc-f7e68e304e36;0;OpenRadiation app 3.0;;0;giocante.lf--p;inside;false;;;;;;;;;;;;;;;;;;;;;;;2025-03-21T09:07:47.886Z;groundlevel;0;86;0;series_ea962263e5a028071d
3021143173;RiumGm;geiger;J305γβ;24;0.1178076047812217;881;(0.00000003751 * (cps * 60 - 4) ^ 2 + 0.00965 * (cps * 60 - 4)) * 0.85;2025-03-21T08:06:47.295Z;2025-03-21T08:54:46.129Z;42.7036311;9.4457636;36.9;69;100;42.7037604;9.4457393;60;10;;25eac9e9f708ad66;android;14;SM-S901B;16432c2c-7d47-40bd-a6c2-3bcab6f618b9;0;OpenRadiation app 3.0;;0;giocante_1;inside;false;;;;;;;;;;;;;;;;;;;;;;;2025-03-24T09:21:49.532Z;groundlevel;0;86;0;
1e532173;RiumGM BLE -b;geiger;J305γβ;21;0.1521397786969977;113;(0.00000003751 * (cps * 60 - 4) ^ 2 + 0.00965 * (cps * 60 - 4)) * 0.85;2025-03-21T08:04:40.468Z;2025-03-21T08:09:41.178Z;42.7036542;9.4458461;22.5;10;;42.7036542;9.4458461;22.5;10;;6bdfed74cbef14ad;android;10;CPH1931;1f235e9e-fad3-471c-8352-40ddc7383b92;0;OpenRadiation app 3.0;;0;giocante.lf--p;inside;false;;;;;;;;;;;;;;;;;;;;;;;2025-03-21T09:07:47.787Z;groundlevel;0;86;0;series_ea962263e5a028071d
1e532173;RiumGM BLE -b;geiger;J305γβ;21;0.15541914305204066;115;(0.00000003751 * (cps * 60 - 4) ^ 2 + 0.00965 * (cps * 60 - 4)) * 0.85;2025-03-21T07:59:39.780Z;2025-03-21T08:04:40.481Z;42.7036542;9.4458461;22.5;10;;42.7036542;9.4458461;22.5;10;;6bdfed74cbef14ad;android;10;CPH1931;397ecfa9-0f77-4849-8292-48b653afff83;0;OpenRadiation app 3.0;;0;giocante.lf--p;inside;false;;;;;;;;;;;;;;;;;;;;;;;2025-03-21T09:07:47.692Z;groundlevel;0;86;0;series_ea962263e5a028071d
1e532173;RiumGM BLE -b;geiger;J305γβ;22;0.13251190513041392;101;(0.00000003751 * (cps * 60 - 4) ^ 2 + 0.00965 * (cps * 60 - 4)) * 0.85;2025-03-21T07:54:39.088Z;2025-03-21T07:59:39.772Z;42.7036542;9.4458461;22.5;10;;42.7036542;9.4458461;22.5;10;;6bdfed74cbef14ad;android;10;CPH1931;920fb9c0-292d-4999-93da-1a1362b5cd93;0;OpenRadiation app 3.0;;0;giocante.lf--p;inside;false;;;;;;;;;;;;;;;;;;;;;;;2025-03-21T09:07:47.587Z;groundlevel;0;86;0;series_ea962263e5a028071d
1e532173;RiumGM BLE -b;geiger;J305γβ;21;0.17344801801886828;126;(0.00000003751 * (cps * 60 - 4) ^ 2 + 0.00965 * (cps * 60 - 4)) * 0.85;2025-03-21T07:49:38.388Z;2025-03-21T07:54:39.056Z;42.7036542;9.4458461;22.5;10;;42.7036542;9.4458461;22.5;10;;6bdfed74cbef14ad;android;10;CPH1931;142518a5-b271-433e-8a98-89ada4d105a4;0;OpenRadiation app 3.0;;0;giocante.lf--p;inside;false;;;;;;;;;;;;;;;;;;;;;;;2025-03-21T09:07:47.485Z;groundlevel;0;86;0;series_ea962263e5a028071d
3021143173;RiumGm;geiger;J305γβ;24;0.16052859675888256;118;(0.00000003751 * (cps * 60 - 4) ^ 2 + 0.00965 * (cps * 60 - 4)) * 0.85;2025-03-21T07:48:09.066Z;2025-03-21T07:53:09.458Z;42.7035917;9.4457263;27.833;10;;42.7036637;9.4457432;145.739;10;;25eac9e9f708ad66;android;14;SM-S901B;7cf37c3a-f06a-446d-b106-75663aff6ff4;0;OpenRadiation app 3.0;;0;giocante_1;inside;false;;;;;;;;;;;;;;;;;;;;;;;2025-03-21T08:06:38.663Z;groundlevel;0;86;0;series_b5b059a7e2fdb9279e
1e532173;RiumGM BLE -b;geiger;J305γβ;21;0.16521171084036154;121;(0.00000003751 * (cps * 60 - 4) ^ 2 + 0.00965 * (cps * 60 - 4)) * 0.85;2025-03-21T07:44:37.671Z;2025-03-21T07:49:38.416Z;42.7036542;9.4458461;22.5;10;;42.7036542;9.4458461;22.5;10;;6bdfed74cbef14ad;android;10;CPH1931;d7c27349-d7bd-4485-bd9a-93ac0fabd985;0;OpenRadiation app 3.0;;0;giocante.lf--p;inside;false;;;;;;;;;;;;;;;;;;;;;;;2025-03-21T09:07:47.393Z;groundlevel;0;86;0;series_ea962263e5a028071d
3021143173;RiumGm;geiger;J305γβ;23;0.113926530645133;90;(0.00000003751 * (cps * 60 - 4) ^ 2 + 0.00965 * (cps * 60 - 4)) * 0.85;2025-03-21T07:42:59.647Z;2025-03-21T07:48:01.517Z;42.7039741;9.4459065;12;69;;42.7035917;9.4457263;27.833;10;;25eac9e9f708ad66;android;14;SM-S901B;7748f9ed-d64e-47d4-a25d-1332be33bba7;0;OpenRadiation app 3.0;;0;giocante_1;inside;false;;;;;;;;;;;;;;;;;;;;;;;2025-03-21T08:06:38.247Z;groundlevel;0;86;0;series_b5b059a7e2fdb9279e
1e532173;RiumGM BLE -b;geiger;J305γβ;21;0.15705921840893813;116;(0.00000003751 * (cps * 60 - 4) ^ 2 + 0.00965 * (cps * 60 - 4)) * 0.85;2025-03-21T07:39:36.987Z;2025-03-21T07:44:37.683Z;42.7036542;9.4458461;22.5;10;;42.7036542;9.4458461;22.5;10;;6bdfed74cbef14ad;android;10;CPH1931;ed4153b5-c558-472e-beee-2b34b05657ee;0;OpenRadiation app 3.0;;0;giocante.lf--p;inside;false;;;;;;;;;;;;;;;;;;;;;;;2025-03-21T09:07:47.285Z;groundlevel;0;86;0;series_ea962263e5a028071d
3021143173;RiumGm;geiger;J305γβ;23;0.13134795190719153;102;(0.00000003751 * (cps * 60 - 4) ^ 2 + 0.00965 * (cps * 60 - 4)) * 0.85;2025-03-21T07:37:48.522Z;2025-03-21T07:42:54.336Z;42.7037789;9.4459363;37.7;60;;42.7039741;9.4459065;12;69;;25eac9e9f708ad66;android;14;SM-S901B;2698794d-1711-48d0-b649-e3715bce1a15;0;OpenRadiation app 3.0;;0;giocante_1;inside;false;;;;;;;;;;;;;;;;;;;;;;;2025-03-21T08:06:38.138Z;groundlevel;0;86;0;series_b5b059a7e2fdb9279e
1e532173;RiumGM BLE -b;geiger;J305γβ;21;0.12270666039357762;95;(0.00000003751 * (cps * 60 - 4) ^ 2 + 0.00965 * (cps * 60 - 4)) * 0.85;2025-03-21T07:34:36.340Z;2025-03-21T07:39:36.992Z;42.7036542;9.4458461;22.5;10;;42.7036542;9.4458461;22.5;10;;6bdfed74cbef14ad;android;10;CPH1931;09ea9d9a-4572-40f9-8bea-c8e7790669f2;0;OpenRadiation app 3.0;;0;giocante.lf--p;inside;false;;;;;;;;;;;;;;;;;;;;;;;2025-03-21T09:07:47.188Z;groundlevel;0;86;0;series_ea962263e5a028071d
3021143173;RiumGm;geiger;J305γβ;23;0.110029039547235;88;(0.00000003751 * (cps * 60 - 4) ^ 2 + 0.00965 * (cps * 60 - 4)) * 0.85;2025-03-21T07:32:45.415Z;2025-03-21T07:37:48.630Z;42.7037789;9.4459363;37.7;60;;42.7037789;9.4459363;37.7;60;;25eac9e9f708ad66;android;14;SM-S901B;3606d4f0-2d15-4774-9a4a-aea9f70f4c6c;0;OpenRadiation app 3.0;;0;giocante_1;inside;false;;;;;;;;;;;;;;;;;;;;;;;2025-03-21T08:06:38.460Z;groundlevel;0;86;0;series_b5b059a7e2fdb9279e
1e532173;RiumGM BLE -b;geiger;J305γβ;21;0.1358531746192083;103;(0.00000003751 * (cps * 60 - 4) ^ 2 + 0.00965 * (cps * 60 - 4)) * 0.85;2025-03-21T07:29:35.742Z;2025-03-21T07:34:36.306Z;42.7036542;9.4458461;22.5;10;;42.7036542;9.4458461;22.5;10;;6bdfed74cbef14ad;android;10;CPH1931;d23563dd-fa71-4cda-bf75-d977a068f272;0;OpenRadiation app 3.0;;0;giocante.lf--p;inside;false;;;;;;;;;;;;;;;;;;;;;;;2025-03-21T09:07:47.092Z;groundlevel;0;86;0;series_ea962263e5a028071d
3021143173;RiumGm;geiger;J305γβ;23;0.10683039298567107;86;(0.00000003751 * (cps * 60 - 4) ^ 2 + 0.00965 * (cps * 60 - 4)) * 0.85;2025-03-21T07:27:42.407Z;2025-03-21T07:32:45.518Z;42.7037939;9.4459108;17.7;69;;42.7037789;9.4459363;37.7;60;;25eac9e9f708ad66;android;14;SM-S901B;4e173e2b-f615-4f9c-84ca-d62698110f03;0;OpenRadiation app 3.0;;0;giocante_1;inside;false;;;;;;;;;;;;;;;;;;;;;;;2025-03-21T08:06:38.668Z;groundlevel;0;86;0;series_b5b059a7e2fdb9279e
1e532173;RiumGM BLE -b;geiger;J305γβ;21;0.14722201737698837;110;(0.00000003751 * (cps * 60 - 4) ^ 2 + 0.00965 * (cps * 60 - 4)) * 0.85;2025-03-21T07:24:35.010Z;2025-03-21T07:29:35.732Z;42.7036542;9.4458461;22.5;10;;42.7036542;9.4458461;22.5;10;;6bdfed74cbef14ad;android;10;CPH1931;be1513f2-4c5b-43f2-9df4-8988ef8f6885;0;OpenRadiation app 3.0;;0;giocante.lf--p;inside;false;;;;;;;;;;;;;;;;;;;;;;;2025-03-21T09:07:46.973Z;groundlevel;0;86;0;series_ea962263e5a028071d
3021143173;RiumGm;geiger;J305γβ;23;0.1335512963994169;102;(0.00000003751 * (cps * 60 - 4) ^ 2 + 0.00965 * (cps * 60 - 4)) * 0.85;2025-03-21T07:22:36.014Z;2025-03-21T07:27:37.778Z;42.7044517;9.445759;50;69;3.6171272;42.7037939;9.4459108;17.7;69;;25eac9e9f708ad66;android;14;SM-S901B;47c73fb5-5440-4c9f-92f5-a27d5802d5e8;0;OpenRadiation app 3.0;;0;giocante_1;inside;false;;;;;;;;;;;;;;;;;;;;;;;2025-03-21T08:06:38.249Z;groundlevel;0;87;0;series_b5b059a7e2fdb9279e
1e532173;RiumGM BLE -b;geiger;J305γβ;21;0.160327977534375;118;(0.00000003751 * (cps * 60 - 4) ^ 2 + 0.00965 * (cps * 60 - 4)) * 0.85;2025-03-21T07:19:34.337Z;2025-03-21T07:24:35.041Z;42.7036542;9.4458461;22.5;10;;42.7036542;9.4458461;22.5;10;;6bdfed74cbef14ad;android;10;CPH1931;6cf40a1f-712e-4bc1-adae-b6388509dd86;0;OpenRadiation app 3.0;;0;giocante.lf--p;inside;false;;;;;;;;;;;;;;;;;;;;;;;2025-03-21T09:07:46.872Z;groundlevel;0;86;0;series_ea962263e5a028071d
1e532173;RiumGM BLE -b;geiger;J305γβ;21;0.14726393720718883;110;(0.00000003751 * (cps * 60 - 4) ^ 2 + 0.00965 * (cps * 60 - 4)) * 0.85;2025-03-21T07:14:33.632Z;2025-03-21T07:19:34.284Z;42.7036542;9.4458461;22.5;10;;42.7036542;9.4458461;22.5;10;;6bdfed74cbef14ad;android;10;CPH1931;41be809d-5554-41ff-992c-76ae398f592b;0;OpenRadiation app 3.0;;0;giocante.lf--p;inside;false;;;;;;;;;;;;;;;;;;;;;;;2025-03-21T09:07:46.772Z;groundlevel;0;86;0;series_ea962263e5a028071d
3021143173;RiumGm;geiger;J305γβ;22;0.11424172842409369;90;(0.00000003751 * (cps * 60 - 4) ^ 2 + 0.00965 * (cps * 60 - 4)) * 0.85;2025-03-21T07:14:26.418Z;2025-03-21T07:19:27.641Z;42.7039855;9.4460729;26.25;69;;42.7040358;9.4462612;22.7;69;;25eac9e9f708ad66;android;14;SM-S901B;31eb72a9-903c-4664-8df7-874a4e6edc0f;0;OpenRadiation app 3.0;;0;giocante_1;inside;false;;;;;;;;;;;;;;;;;;;;;;;2025-03-21T08:06:41.065Z;groundlevel;0;86;0;series_d5854463e3852fc22a
1e532173;RiumGM BLE -b;geiger;J305γβ;22;0.1537840893698227;114;(0.00000003751 * (cps * 60 - 4) ^ 2 + 0.00965 * (cps * 60 - 4)) * 0.85;2025-03-21T07:09:32.939Z;2025-03-21T07:14:33.637Z;42.7036542;9.4458461;22.5;10;;42.7036542;9.4458461;22.5;10;;6bdfed74cbef14ad;android;10;CPH1931;21b9921d-6040-44d3-9e28-881d50f4c07f;0;OpenRadiation app 3.0;;0;giocante.lf--p;inside;false;;;;;;;;;;;;;;;;;;;;;;;2025-03-21T09:07:46.725Z;groundlevel;0;86;0;series_ea962263e5a028071d
3021143173;RiumGm;geiger;J305γβ;22;0.0834526384070739;72;(0.00000003751 * (cps * 60 - 4) ^ 2 + 0.00965 * (cps * 60 - 4)) * 0.85;2025-03-21T07:09:19.710Z;2025-03-21T07:14:24.501Z;42.7036514;9.4458858;30;70;;42.7039855;9.4460729;26.25;69;;25eac9e9f708ad66;android;14;SM-S901B;0948d4d8-6215-40cf-93fb-e5ce28d19e55;0;OpenRadiation app 3.0;;0;giocante_1;inside;false;;;;;;;;;;;;;;;;;;;;;;;2025-03-21T08:06:41.072Z;groundlevel;0;86;0;series_d5854463e3852fc22a
1e532173;RiumGM BLE -b;geiger;J305γβ;22;0.16865124488627248;123;(0.00000003751 * (cps * 60 - 4) ^ 2 + 0.00965 * (cps * 60 - 4)) * 0.85;2025-03-21T07:04:32.446Z;2025-03-21T07:09:32.943Z;42.7036542;9.4458461;22.5;10;;42.7036542;9.4458461;22.5;10;;6bdfed74cbef14ad;android;10;CPH1931;11ee0007-3c61-4592-aca8-b59d9e6c59be;0;OpenRadiation app 3.0;;0;giocante.lf--p;inside;false;;;;;;;;;;;;;;;;;;;;;;;2025-03-21T09:07:46.686Z;groundlevel;0;86;0;series_ea962263e5a028071d
3021143173;RiumGm;geiger;J305γβ;20;0.10323184921734539;83;(0.00000003751 * (cps * 60 - 4) ^ 2 + 0.00965 * (cps * 60 - 4)) * 0.85;2025-03-21T07:04:18.827Z;2025-03-21T07:09:19.102Z;42.7036454;9.4458579;28.1;70;;42.7036514;9.4458858;30;70;;25eac9e9f708ad66;android;14;SM-S901B;11ecd6bf-40fd-4549-b1ee-16c703eefb76;0;OpenRadiation app 3.0;;0;giocante_1;inside;false;;;;;;;;;;;;;;;;;;;;;;;2025-03-21T08:06:41.065Z;groundlevel;0;86;0;series_d5854463e3852fc22a
1e532173;RiumGM BLE -b;geiger;J305γβ;21;0.15540975319151265;115;(0.00000003751 * (cps * 60 - 4) ^ 2 + 0.00965 * (cps * 60 - 4)) * 0.85;2025-03-21T06:46:34.143Z;2025-03-21T06:51:34.859Z;42.7029596;9.4467908;4.252;67;;42.7037087;9.4458253;14.542;35;;6bdfed74cbef14ad;android;10;CPH1931;b6f0d659-0bbb-404f-b168-31f63d87a037;0;OpenRadiation app 3.0;;1;giocante.lf--p;ontheroad;false;;;;;;;;;;;;;;;;;;;;;;;2025-03-21T09:07:44.037Z;groundlevel;0;106;0;series_6cb7a92bc743e41fc4
1e532173;RiumGM BLE -b;geiger;J305γβ;20;0.13412000920904354;102;(0.00000003751 * (cps * 60 - 4) ^ 2 + 0.00965 * (cps * 60 - 4)) * 0.85;2025-03-21T06:41:33.454Z;2025-03-21T06:46:34.190Z;42.6992125;9.4521796;28.552;51;3.5702136;42.7029596;9.4467908;4.252;67;;6bdfed74cbef14ad;android;10;CPH1931;32044dfa-6495-47e1-92bd-7a32535840ba;0;OpenRadiation app 3.0;;1;giocante.lf--p;ontheroad;false;;;;;;;;;;;;;;;;;;;;;;;2025-03-21T09:07:44.019Z;groundlevel;0;107;0;series_6cb7a92bc743e41fc4
1e532173;RiumGM BLE -b;geiger;J305γβ;19;0.12594607784815287;97;(0.00000003751 * (cps * 60 - 4) ^ 2 + 0.00965 * (cps * 60 - 4)) * 0.85;2025-03-21T06:36:32.747Z;2025-03-21T06:41:33.465Z;42.6761833;9.4362244;8.757;130;6.549642;42.6920562;9.4519106;117.249;56;;6bdfed74cbef14ad;android;10;CPH1931;4e461a0c-8e8e-4322-b010-50d0e3f1ca67;0;OpenRadiation app 3.0;;1;giocante.lf--p;ontheroad;false;;;;;;;;;;;;;;;;;;;;;;;2025-03-21T09:07:43.841Z;groundlevel;0;107;0;series_6cb7a92bc743e41fc4
1e532173;RiumGM BLE -b;geiger;J305γβ;23;0.13084608372946688;100;(0.00000003751 * (cps * 60 - 4) ^ 2 + 0.00965 * (cps * 60 - 4)) * 0.85;2025-03-20T10:49:53.440Z;2025-03-20T10:54:54.177Z;42.7037976;9.4458751;15.505;72;;42.7037976;9.4458751;15.505;72;;6bdfed74cbef14ad;android;10;CPH1931;45d5f65b-3879-483c-a8d0-0720f52aa377;0;OpenRadiation app 3.0;;1;giocante.lf--p;inside;false;;;;;;;;;;;;;;;;;;;;;;;2025-03-20T15:05:21.026Z;groundlevel;0;96;0;series_c48f0777abd1e7274f
1e532173;RiumGM BLE -b;geiger;J305γβ;23;0.17013529690040827;124;(0.00000003751 * (cps * 60 - 4) ^ 2 + 0.00965 * (cps * 60 - 4)) * 0.85;2025-03-20T10:44:52.765Z;2025-03-20T10:49:53.490Z;42.7037976;9.4458751;15.505;72;;42.7037976;9.4458751;15.505;72;;6bdfed74cbef14ad;android;10;CPH1931;046b7845-96c8-49ed-acd6-a1a7956372ab;0;OpenRadiation app 3.0;;1;giocante.lf--p;inside;false;;;;;;;;;;;;;;;;;;;;;;;2025-03-20T15:05:20.900Z;groundlevel;0;96;0;series_c48f0777abd1e7274f
1e532173;RiumGM BLE -b;geiger;J305γβ;23;0.15215208143254905;113;(0.00000003751 * (cps * 60 - 4) ^ 2 + 0.00965 * (cps * 60 - 4)) * 0.85;2025-03-20T10:39:52.101Z;2025-03-20T10:44:52.791Z;42.7037976;9.4458751;15.505;72;;42.7037976;9.4458751;15.505;72;;6bdfed74cbef14ad;android;10;CPH1931;08f15b7c-5790-44a7-9f75-ac1709d9350b;0;OpenRadiation app 3.0;;1;giocante.lf--p;inside;false;;;;;;;;;;;;;;;;;;;;;;;2025-03-20T15:05:20.802Z;groundlevel;0;96;0;series_c48f0777abd1e7274f
1e532173;RiumGM BLE -b;geiger;J305γβ;23;0.13577688610995492;103;(0.00000003751 * (cps * 60 - 4) ^ 2 + 0.00965 * (cps * 60 - 4)) * 0.85;2025-03-20T10:34:51.362Z;2025-03-20T10:39:52.062Z;42.7037976;9.4458751;15.505;72;;42.7037976;9.4458751;15.505;72;;6bdfed74cbef14ad;android;10;CPH1931;a354902b-e6c6-41d2-aea5-aba55e9ea660;0;OpenRadiation app 3.0;;1;giocante.lf--p;inside;false;;;;;;;;;;;;;;;;;;;;;;;2025-03-20T15:05:20.700Z;groundlevel;0;96;0;series_c48f0777abd1e7274f
1e532173;RiumGM BLE -b;geiger;J305γβ;23;0.16032861987962013;118;(0.00000003751 * (cps * 60 - 4) ^ 2 + 0.00965 * (cps * 60 - 4)) * 0.85;2025-03-20T10:29:50.672Z;2025-03-20T10:34:51.375Z;42.7037976;9.4458751;15.505;72;;42.7037976;9.4458751;15.505;72;;6bdfed74cbef14ad;android;10;CPH1931;ace3e1dc-dfce-4332-88b8-aa082c900e72;0;OpenRadiation app 3.0;;1;giocante.lf--p;inside;false;;;;;;;;;;;;;;;;;;;;;;;2025-03-20T15:05:20.600Z;groundlevel;0;96;0;series_c48f0777abd1e7274f
1e532173;RiumGM BLE -b;geiger;J305γβ;23;0.16035945747686073;118;(0.00000003751 * (cps * 60 - 4) ^ 2 + 0.00965 * (cps * 60 - 4)) * 0.85;2025-03-20T10:24:50.022Z;2025-03-20T10:29:50.677Z;42.704321;9.4453157;16.204;70;;42.7037976;9.4458751;15.505;72;;6bdfed74cbef14ad;android;10;CPH1931;79b3bf7a-bbf7-4bf2-86ed-08f6f659567f;0;OpenRadiation app 3.0;;1;giocante.lf--p;inside;false;;;;;;;;;;;;;;;;;;;;;;;2025-03-20T15:05:20.503Z;groundlevel;0;96;0;series_c48f0777abd1e7274f
1e532173;RiumGM BLE -b;geiger;J305γβ;23;0.1308776548052207;100;(0.00000003751 * (cps * 60 - 4) ^ 2 + 0.00965 * (cps * 60 - 4)) * 0.85;2025-03-20T10:19:49.290Z;2025-03-20T10:24:49.969Z;42.704321;9.4453157;16.204;70;;42.704321;9.4453157;16.204;70;;6bdfed74cbef14ad;android;10;CPH1931;d26b185d-b8d4-4997-aed8-32e6cc3ee382;0;OpenRadiation app 3.0;;1;giocante.lf--p;inside;false;;;;;;;;;;;;;;;;;;;;;;;2025-03-20T15:05:20.452Z;groundlevel;0;96;0;series_c48f0777abd1e7274f
1e532173;RiumGM BLE -b;geiger;J305γβ;23;0.18817341921244565;135;(0.00000003751 * (cps * 60 - 4) ^ 2 + 0.00965 * (cps * 60 - 4)) * 0.85;2025-03-20T10:14:48.624Z;2025-03-20T10:19:49.304Z;42.7038254;9.4456852;35.829;77;3.282068;42.704321;9.4453157;16.204;70;;6bdfed74cbef14ad;android;10;CPH1931;db7a5c53-5c3c-4e18-9bb5-d0c4173224b9;0;OpenRadiation app 3.0;;1;giocante.lf--p;inside;false;;;;;;;;;;;;;;;;;;;;;;;2025-03-20T15:05:20.422Z;groundlevel;0;97;0;series_c48f0777abd1e7274f
1e532173;RiumGM BLE -b;geiger;J305γβ;23;0.16190530854958762;119;(0.00000003751 * (cps * 60 - 4) ^ 2 + 0.00965 * (cps * 60 - 4)) * 0.85;2025-03-20T10:03:00.943Z;2025-03-20T10:08:01.739Z;42.7037524;9.4455029;33.809;33;6.288653;42.7032565;9.44693;100;67;;6bdfed74cbef14ad;android;10;CPH1931;0e2c2178-3610-4d98-8fab-4d7239a42479;0;OpenRadiation app 3.0;;1;giocante.lf--p;inside;false;;;;;;;;;;;;;;;;;;;;;;;2025-03-20T15:05:16.357Z;groundlevel;0;97;0;series_09b70ec26376c7a030
1e532173;RiumGM BLE -b;geiger;J305γβ;23;0.17507477147478198;127;(0.00000003751 * (cps * 60 - 4) ^ 2 + 0.00965 * (cps * 60 - 4)) * 0.85;2025-03-20T09:58:00.254Z;2025-03-20T10:03:00.937Z;42.7039686;9.4453313;13.374;72;;42.7039426;9.4454032;51.84;71;;6bdfed74cbef14ad;android;10;CPH1931;52627ecb-8dee-42a8-a693-d9a01736710f;0;OpenRadiation app 3.0;;1;giocante.lf--p;inside;false;;;;;;;;;;;;;;;;;;;;;;;2025-03-20T15:05:16.354Z;groundlevel;0;96;0;series_09b70ec26376c7a030
1e532173;RiumGM BLE -b;geiger;J305γβ;23;0.1898134642181657;136;(0.00000003751 * (cps * 60 - 4) ^ 2 + 0.00965 * (cps * 60 - 4)) * 0.85;2025-03-20T09:52:59.550Z;2025-03-20T09:58:00.226Z;42.7039686;9.4453313;13.374;72;;42.7039686;9.4453313;13.374;72;;6bdfed74cbef14ad;android;10;CPH1931;6c5cf02c-f800-4902-a3ab-0c2f66dd5d47;0;OpenRadiation app 3.0;;1;giocante.lf--p;inside;false;;;;;;;;;;;;;;;;;;;;;;;2025-03-20T15:05:16.350Z;groundlevel;0;96;0;series_09b70ec26376c7a030
1e532173;RiumGM BLE -b;geiger;J305γβ;23;0.14071469697800118;106;(0.00000003751 * (cps * 60 - 4) ^ 2 + 0.00965 * (cps * 60 - 4)) * 0.85;2025-03-20T09:47:58.866Z;2025-03-20T09:52:59.519Z;42.7039686;9.4453313;13.374;72;;42.7039686;9.4453313;13.374;72;;6bdfed74cbef14ad;android;10;CPH1931;f9db170e-18a1-4d7a-800f-0fcd253a43d9;0;OpenRadiation app 3.0;;1;giocante.lf--p;inside;false;;;;;;;;;;;;;;;;;;;;;;;2025-03-20T15:05:16.237Z;groundlevel;0;96;0;series_09b70ec26376c7a030
1e532173;RiumGM BLE -b;geiger;J305γβ;23;0.15052120871449576;112;(0.00000003751 * (cps * 60 - 4) ^ 2 + 0.00965 * (cps * 60 - 4)) * 0.85;2025-03-20T09:42:58.149Z;2025-03-20T09:47:58.829Z;42.7039686;9.4453313;13.374;72;;42.7039686;9.4453313;13.374;72;;6bdfed74cbef14ad;android;10;CPH1931;0f5d4821-1ed2-40e2-a040-23e11e97010e;0;OpenRadiation app 3.0;;1;giocante.lf--p;inside;false;;;;;;;;;;;;;;;;;;;;;;;2025-03-20T15:05:16.352Z;groundlevel;0;96;0;series_09b70ec26376c7a030
1e532173;RiumGM BLE -b;geiger;J305γβ;23;0.186554579544346;134;(0.00000003751 * (cps * 60 - 4) ^ 2 + 0.00965 * (cps * 60 - 4)) * 0.85;2025-03-20T09:37:57.481Z;2025-03-20T09:42:58.136Z;42.7038772;9.4455519;16.564;71;;42.7039686;9.4453313;13.374;72;;6bdfed74cbef14ad;android;10;CPH1931;8f4e6d3b-3909-4a62-9281-0daf41365bd2;0;OpenRadiation app 3.0;;1;giocante.lf--p;inside;false;;;;;;;;;;;;;;;;;;;;;;;2025-03-20T15:05:16.551Z;groundlevel;0;96;0;series_09b70ec26376c7a030
1e532173;RiumGM BLE -b;geiger;J305γβ;23;0.16689024152643223;122;(0.00000003751 * (cps * 60 - 4) ^ 2 + 0.00965 * (cps * 60 - 4)) * 0.85;2025-03-20T09:32:56.768Z;2025-03-20T09:37:57.450Z;42.7039247;9.4453045;16.924;71;;42.7038772;9.4455519;16.564;71;;6bdfed74cbef14ad;android;10;CPH1931;5c105718-b082-41bf-a573-b9df62cab5ba;0;OpenRadiation app 3.0;;1;giocante.lf--p;inside;false;;;;;;;;;;;;;;;;;;;;;;;2025-03-20T15:05:16.422Z;groundlevel;0;96;0;series_09b70ec26376c7a030
1e532173;RiumGM BLE -b;geiger;J305γβ;23;0.15207951894264857;113;(0.00000003751 * (cps * 60 - 4) ^ 2 + 0.00965 * (cps * 60 - 4)) * 0.85;2025-03-20T09:27:56.086Z;2025-03-20T09:32:56.894Z;42.7039085;9.4458055;16.255;70;;42.7039247;9.4453045;16.924;71;;6bdfed74cbef14ad;android;10;CPH1931;d69e6885-fe3d-4643-ac04-595712b3ef74;0;OpenRadiation app 3.0;;1;giocante.lf--p;inside;false;;;;;;;;;;;;;;;;;;;;;;;2025-03-20T15:05:16.423Z;groundlevel;0;96;0;series_09b70ec26376c7a030
1e532173;RiumGM BLE -b;geiger;J305γβ;23;0.17017377444182377;124;(0.00000003751 * (cps * 60 - 4) ^ 2 + 0.00965 * (cps * 60 - 4)) * 0.85;2025-03-20T09:22:55.463Z;2025-03-20T09:27:56.131Z;42.7039085;9.4458055;16.255;70;;42.7039085;9.4458055;16.255;70;;6bdfed74cbef14ad;android;10;CPH1931;e3c1b115-d922-4769-aa0e-6f6e6aac543c;0;OpenRadiation app 3.0;;1;giocante.lf--p;inside;false;;;;;;;;;;;;;;;;;;;;;;;2025-03-20T15:05:16.236Z;groundlevel;0;96;0;series_09b70ec26376c7a030
1e532173;RiumGM BLE -b;geiger;J305γβ;23;0.09483034188827064;78;(0.00000003751 * (cps * 60 - 4) ^ 2 + 0.00965 * (cps * 60 - 4)) * 0.85;2025-03-20T09:17:54.729Z;2025-03-20T09:22:55.488Z;42.7039085;9.4458055;16.255;70;;42.7039085;9.4458055;16.255;70;;6bdfed74cbef14ad;android;10;CPH1931;052256ce-3249-41ee-a463-0998422670a1;0;OpenRadiation app 3.0;;1;giocante.lf--p;inside;false;;;;;;;;;;;;;;;;;;;;;;;2025-03-20T15:05:16.551Z;groundlevel;0;96;0;series_09b70ec26376c7a030
1e532173;RiumGM BLE -b;geiger;J305γβ;24;0.14070315364331973;106;(0.00000003751 * (cps * 60 - 4) ^ 2 + 0.00965 * (cps * 60 - 4)) * 0.85;2025-03-20T09:12:54.066Z;2025-03-20T09:17:54.739Z;42.703897;9.4462982;41.585;70;;42.7039085;9.4458055;16.255;70;;6bdfed74cbef14ad;android;10;CPH1931;e9064490-a622-4f53-9a11-0e4b7dca72d2;0;OpenRadiation app 3.0;;1;giocante.lf--p;inside;false;;;;;;;;;;;;;;;;;;;;;;;2025-03-20T15:05:16.331Z;groundlevel;0;96;0;series_09b70ec26376c7a030
1e532173;RiumGM BLE -b;geiger;J305γβ;23;0.17246447468799614;51;(0.00000003751 * (cps * 60 - 4) ^ 2 + 0.00965 * (cps * 60 - 4)) * 0.85;2025-03-20T08:57:09.420Z;2025-03-20T08:59:11.702Z;42.704688;9.4441759;200;;;42.704688;9.4441759;200;;;6bdfed74cbef14ad;android;10;CPH1931;fe10378e-7b13-4c6d-8b6f-4da2b9a53c26;0;OpenRadiation app 3.0;;1;giocante.lf--p;inside;false;;;;;;;;;;;;;;;;;;;;;;;2025-03-20T08:59:44.452Z;groundlevel;0;95;0;series_d9b140bdeadae7021c
1e532173;RiumGM BLE -b;geiger;J305γβ;23;0.14871240005975095;51;(0.00000003751 * (cps * 60 - 4) ^ 2 + 0.00965 * (cps * 60 - 4)) * 0.85;2025-03-20T08:54:51.089Z;2025-03-20T08:57:09.370Z;42.7032461;9.4469535;100;;;42.7032461;9.4469535;100;;;6bdfed74cbef14ad;android;10;CPH1931;3516b4f5-b0ea-4b34-840e-84f9029d393b;0;OpenRadiation app 3.0;;1;giocante.lf--p;inside;false;;;;;;;;;;;;;;;;;;;;;;;2025-03-20T08:59:44.842Z;groundlevel;0;95;0;series_d9b140bdeadae7021c
1e532173;RiumGM BLE -b;geiger;J305γβ;22;0.1486402238921996;51;(0.00000003751 * (cps * 60 - 4) ^ 2 + 0.00965 * (cps * 60 - 4)) * 0.85;2025-03-20T08:52:32.765Z;2025-03-20T08:54:51.101Z;42.7032461;9.4469535;100;;;42.7032461;9.4469535;100;;;6bdfed74cbef14ad;android;10;CPH1931;89524bdd-7eeb-403b-8856-43b519dad630;0;OpenRadiation app 3.0;;1;giocante.lf--p;inside;false;;;;;;;;;;;;;;;;;;;;;;;2025-03-20T08:59:44.215Z;groundlevel;0;95;0;series_d9b140bdeadae7021c
1e532173;RiumGM BLE -b;geiger;J305γβ;22;0.13868463584089422;51;(0.00000003751 * (cps * 60 - 4) ^ 2 + 0.00965 * (cps * 60 - 4)) * 0.85;2025-03-20T08:50:06.417Z;2025-03-20T08:52:32.783Z;42.7032461;9.4469535;100;;;42.7040419;9.4451416;1700;;;6bdfed74cbef14ad;android;10;CPH1931;b4e87729-52b6-458c-af80-4559d04a71af;0;OpenRadiation app 3.0;;1;giocante.lf--p;inside;false;;;;;;;;;;;;;;;;;;;;;;;2025-03-20T08:59:44.832Z;groundlevel;0;95;0;series_d9b140bdeadae7021c
1e532173;RiumGM BLE -b;geiger;J305γβ;27;0.1144661033219679;51;(0.00000003751 * (cps * 60 - 4) ^ 2 + 0.00965 * (cps * 60 - 4)) * 0.85;2025-03-20T06:59:11.474Z;2025-03-20T07:02:01.907Z;42.7029302;9.4472023;3.79;58;;42.7036261;9.4441339;3.79;77;;6bdfed74cbef14ad;android;10;CPH1931;492e307f-3f65-47fa-94a2-e4f00a2b0aab;0;OpenRadiation app 3.0;;1;giocante.lf--p;ontheroad;false;;;;;;;;;;;;;;;;;;;;;;;2025-03-20T07:02:36.629Z;groundlevel;0;106;0;series_5c9867520765c759db
1e532173;RiumGM BLE -b;geiger;J305γβ;27;0.15393512433255294;51;(0.00000003751 * (cps * 60 - 4) ^ 2 + 0.00965 * (cps * 60 - 4)) * 0.85;2025-03-20T06:56:57.136Z;2025-03-20T06:59:11.550Z;42.70049;9.4521137;4.83;54;;42.7029302;9.4472023;3.79;58;;6bdfed74cbef14ad;android;10;CPH1931;12061263-dfcb-4d81-a3e2-8c0ce205b6f2;0;OpenRadiation app 3.0;;1;giocante.lf--p;ontheroad;false;;;;;;;;;;;;;;;;;;;;;;;2025-03-20T07:02:37.026Z;groundlevel;0;106;0;series_5c9867520765c759db
1e532173;RiumGM BLE -b;geiger;J305γβ;26;0.14729908505687425;51;(0.00000003751 * (cps * 60 - 4) ^ 2 + 0.00965 * (cps * 60 - 4)) * 0.85;2025-03-20T06:54:37.895Z;2025-03-20T06:56:57.261Z;42.6883818;9.447358;10.318;46;;42.70049;9.4521137;4.83;54;;6bdfed74cbef14ad;android;10;CPH1931;08119bfc-1e79-4aa8-b31c-35fc2e50a84b;0;OpenRadiation app 3.0;;1;giocante.lf--p;ontheroad;false;;;;;;;;;;;;;;;;;;;;;;;2025-03-20T07:02:36.623Z;groundlevel;0;106;0;series_5c9867520765c759db
1e532173;RiumGM BLE -b;geiger;J305γβ;24;0.08152620491600686;51;(0.00000003751 * (cps * 60 - 4) ^ 2 + 0.00965 * (cps * 60 - 4)) * 0.85;2025-03-20T06:50:58.334Z;2025-03-20T06:54:37.865Z;42.6768576;9.4439104;10.187;77;;42.6883818;9.447358;10.318;46;;6bdfed74cbef14ad;android;10;CPH1931;72e522ae-4c31-465f-bd77-d8a20e3cba12;0;OpenRadiation app 3.0;;1;giocante.lf--p;ontheroad;false;;;;;;;;;;;;;;;;;;;;;;;2025-03-20T07:02:36.960Z;groundlevel;0;106;0;series_5c9867520765c759db
1e532173;RiumGM BLE -b;geiger;J305γβ;22;0.13637952192242994;51;(0.00000003751 * (cps * 60 - 4) ^ 2 + 0.00965 * (cps * 60 - 4)) * 0.85;2025-03-20T06:48:30.020Z;2025-03-20T06:50:58.380Z;42.6767371;9.4429031;9.976;80;;42.6768576;9.4439104;10.187;77;;6bdfed74cbef14ad;android;10;CPH1931;1bcf45bd-9602-43ae-9f6e-eaf89fb0961b;0;OpenRadiation app 3.0;;1;giocante.lf--p;ontheroad;false;;;;;;;;;;;;;;;;;;;;;;;2025-03-20T07:02:36.539Z;groundlevel;0;106;0;series_5c9867520765c759db
1e532173;RiumGM BLE -b;geiger;J305γβ;20;0.12082435021635034;51;(0.00000003751 * (cps * 60 - 4) ^ 2 + 0.00965 * (cps * 60 - 4)) * 0.85;2025-03-20T06:45:46.638Z;2025-03-20T06:48:30.018Z;42.6780257;9.4325032;3.79;156;;42.6767371;9.4429031;9.976;80;;6bdfed74cbef14ad;android;10;CPH1931;85a06214-2511-4b13-ad5c-812e12f7f283;0;OpenRadiation app 3.0;;1;giocante.lf--p;ontheroad;false;;;;;;;;;;;;;;;;;;;;;;;2025-03-20T07:02:37.021Z;groundlevel;0;106;0;series_5c9867520765c759db
1e532173;RiumGM BLE -b;geiger;J305γβ;31;0.09241430784070183;51;(0.00000003751 * (cps * 60 - 4) ^ 2 + 0.00965 * (cps * 60 - 4)) * 0.85;2025-03-19T11:19:22.725Z;2025-03-19T11:22:43.169Z;42.6763442;9.4397935;9.974;92;;42.6799172;9.4283224;9.958;170;;6bdfed74cbef14ad;android;10;CPH1931;6a285404-1e50-4f65-b9f5-6ebb526ea1c4;0;OpenRadiation app 3.0;;1;giocante.lf--p;ontheroad;false;;;;;;;;;;;;;;;;;;;;;;;2025-03-19T13:42:06.303Z;groundlevel;0;106;0;series_14b80d8f56bc0f253d
1e532173;RiumGM BLE -b;geiger;J305γβ;30;0.11895984277834486;51;(0.00000003751 * (cps * 60 - 4) ^ 2 + 0.00965 * (cps * 60 - 4)) * 0.85;2025-03-19T11:16:37.363Z;2025-03-19T11:19:22.750Z;42.6839861;9.446641;9.935;47;;42.6763442;9.4397935;9.974;92;;6bdfed74cbef14ad;android;10;CPH1931;d4340ba5-ed45-4263-b0fd-62ce29139051;0;OpenRadiation app 3.0;;1;giocante.lf--p;ontheroad;false;;;;;;;;;;;;;;;;;;;;;;;2025-03-19T13:42:06.205Z;groundlevel;0;106;0;series_14b80d8f56bc0f253d
1e532173;RiumGM BLE -b;geiger;J305γβ;30;0.11364454979236398;51;(0.00000003751 * (cps * 60 - 4) ^ 2 + 0.00965 * (cps * 60 - 4)) * 0.85;2025-03-19T11:13:45.941Z;2025-03-19T11:16:37.330Z;42.7018408;9.4523382;10.018;53;;42.6839861;9.446641;9.935;47;;6bdfed74cbef14ad;android;10;CPH1931;6c9a580a-8790-4749-bdec-c5f8e24ecd07;0;OpenRadiation app 3.0;;1;giocante.lf--p;ontheroad;false;;;;;;;;;;;;;;;;;;;;;;;2025-03-19T13:42:06.122Z;groundlevel;0;106;0;series_14b80d8f56bc0f253d
1e532173;RiumGM BLE -b;geiger;J305γβ;29;0.10716984493174601;51;(0.00000003751 * (cps * 60 - 4) ^ 2 + 0.00965 * (cps * 60 - 4)) * 0.85;2025-03-19T11:10:46.580Z;2025-03-19T11:13:45.896Z;42.7024596;9.4485974;10.214;60;;42.7018408;9.4523382;10.018;53;;6bdfed74cbef14ad;android;10;CPH1931;333cfa0c-f143-4775-8d45-97456dd44f19;0;OpenRadiation app 3.0;;1;giocante.lf--p;ontheroad;false;;;;;;;;;;;;;;;;;;;;;;;2025-03-19T13:42:06.040Z;groundlevel;0;106;0;series_14b80d8f56bc0f253d
1e532173;RiumGM BLE -b;geiger;J305γβ;27;0.13641716635053516;51;(0.00000003751 * (cps * 60 - 4) ^ 2 + 0.00965 * (cps * 60 - 4)) * 0.85;2025-03-19T11:08:18.217Z;2025-03-19T11:10:46.544Z;42.7028281;9.4472072;9.935;62;;42.7024596;9.4485974;10.214;60;;6bdfed74cbef14ad;android;10;CPH1931;aa2fd555-7cea-4664-86d4-d48b5de8ff0e;0;OpenRadiation app 3.0;;1;giocante.lf--p;ontheroad;false;;;;;;;;;;;;;;;;;;;;;;;2025-03-19T13:42:05.914Z;groundlevel;0;106;0;series_14b80d8f56bc0f253d
1e532173;RiumGM BLE -b;geiger;J305γβ;25;0.11736552113914543;52;(0.00000003751 * (cps * 60 - 4) ^ 2 + 0.00965 * (cps * 60 - 4)) * 0.85;2025-03-19T11:05:27.803Z;2025-03-19T11:08:18.223Z;42.7030557;9.445723;9.935;69;;42.7028281;9.4472072;9.935;62;;6bdfed74cbef14ad;android;10;CPH1931;f60a6760-55ff-46d9-8b63-b9646db513a7;0;OpenRadiation app 3.0;;1;giocante.lf--p;ontheroad;false;;;;;;;;;;;;;;;;;;;;;;;2025-03-19T13:42:05.856Z;groundlevel;0;106;0;series_14b80d8f56bc0f253d
1e532173;RiumGM BLE -b;geiger;J305γβ;24;0.1055227034471978;51;(0.00000003751 * (cps * 60 - 4) ^ 2 + 0.00965 * (cps * 60 - 4)) * 0.85;2025-03-19T11:02:26.386Z;2025-03-19T11:05:27.837Z;42.7033165;9.4445457;33.012;75;;42.7030557;9.445723;9.935;69;;6bdfed74cbef14ad;android;10;CPH1931;8c9708c9-e443-41a3-b5d1-5b9ce7c80d44;0;OpenRadiation app 3.0;;1;giocante.lf--p;ontheroad;false;;;;;;;;;;;;;;;;;;;;;;;2025-03-19T13:42:05.850Z;groundlevel;0;106;0;series_14b80d8f56bc0f253d
1e532173;RiumGM BLE -b;geiger;J305γβ;24;0.15980519408584365;51;(0.00000003751 * (cps * 60 - 4) ^ 2 + 0.00965 * (cps * 60 - 4)) * 0.85;2025-03-19T10:05:31.096Z;2025-03-19T10:07:41.414Z;42.7035439;9.4459801;65.232;82;;42.7035439;9.4459801;65.232;82;;6bdfed74cbef14ad;android;10;CPH1931;61421da2-8efb-4ded-99df-8c5fc3f2db2e;0;OpenRadiation app 3.0;;1;giocante.lf--p;inside;false;;;;;;;;;;;;;;;;;;;;;;;2025-03-19T13:41:56.046Z;groundlevel;0;96;0;series_1a82e4d95135a637d6
1e532173;RiumGM BLE -b;geiger;J305γβ;24;0.17767184759589505;51;(0.00000003751 * (cps * 60 - 4) ^ 2 + 0.00965 * (cps * 60 - 4)) * 0.85;2025-03-19T10:03:31.833Z;2025-03-19T10:05:31.090Z;42.7035439;9.4459801;65.232;82;;42.7035439;9.4459801;65.232;82;;6bdfed74cbef14ad;android;10;CPH1931;cafbcab0-b403-4b14-8617-af4f6bc455e1;0;OpenRadiation app 3.0;;1;giocante.lf--p;inside;false;;;;;;;;;;;;;;;;;;;;;;;2025-03-19T13:41:55.938Z;groundlevel;0;96;0;series_1a82e4d95135a637d6
1e532173;RiumGM BLE -b;geiger;J305γβ;23;0.17939984523405356;51;(0.00000003751 * (cps * 60 - 4) ^ 2 + 0.00965 * (cps * 60 - 4)) * 0.85;2025-03-19T10:01:33.524Z;2025-03-19T10:03:31.810Z;42.7035439;9.4459801;65.232;82;;42.7035439;9.4459801;65.232;82;;6bdfed74cbef14ad;android;10;CPH1931;b4971901-c2c0-4d96-bfd0-70f55c8651bb;0;OpenRadiation app 3.0;;1;giocante.lf--p;inside;false;;;;;;;;;;;;;;;;;;;;;;;2025-03-19T13:41:56.063Z;groundlevel;0;96;0;series_1a82e4d95135a637d6
1e532173;RiumGM BLE -b;geiger;J305γβ;23;0.14871108725329224;51;(0.00000003751 * (cps * 60 - 4) ^ 2 + 0.00965 * (cps * 60 - 4)) * 0.85;2025-03-19T09:59:15.259Z;2025-03-19T10:01:33.541Z;42.7035439;9.4459801;65.232;82;;42.7035439;9.4459801;65.232;82;;6bdfed74cbef14ad;android;10;CPH1931;35a8ed9b-ddaa-4417-8a7d-483cf858317a;0;OpenRadiation app 3.0;;1;giocante.lf--p;inside;false;;;;;;;;;;;;;;;;;;;;;;;2025-03-19T13:41:55.917Z;groundlevel;0;96;0;series_1a82e4d95135a637d6
1e532173;RiumGM BLE -b;geiger;J305γβ;23;0.14358150287856872;51;(0.00000003751 * (cps * 60 - 4) ^ 2 + 0.00965 * (cps * 60 - 4)) * 0.85;2025-03-19T09:56:52.905Z;2025-03-19T09:59:15.208Z;42.7035439;9.4459801;65.232;82;;42.7035439;9.4459801;65.232;82;;6bdfed74cbef14ad;android;10;CPH1931;e8c9bea3-3c73-42a1-a3e7-56f519c6633a;0;OpenRadiation app 3.0;;1;giocante.lf--p;inside;false;;;;;;;;;;;;;;;;;;;;;;;2025-03-19T13:41:56.016Z;groundlevel;0;96;0;series_1a82e4d95135a637d6
1e532173;RiumGM BLE -b;geiger;J305γβ;23;0.16287319865173555;51;(0.00000003751 * (cps * 60 - 4) ^ 2 + 0.00965 * (cps * 60 - 4)) * 0.85;2025-03-19T09:54:44.610Z;2025-03-19T09:56:52.885Z;42.7035439;9.4459801;65.232;82;;42.7035439;9.4459801;65.232;82;;6bdfed74cbef14ad;android;10;CPH1931;5b339062-9729-455f-b61f-e83c652c3bda;0;OpenRadiation app 3.0;;1;giocante.lf--p;inside;false;;;;;;;;;;;;;;;;;;;;;;;2025-03-19T13:41:55.954Z;groundlevel;0;96;0;series_1a82e4d95135a637d6
1e532173;RiumGM BLE -b;geiger;J305γβ;23;0.13990368402499928;51;(0.00000003751 * (cps * 60 - 4) ^ 2 + 0.00965 * (cps * 60 - 4)) * 0.85;2025-03-19T09:52:19.264Z;2025-03-19T09:54:44.597Z;42.7035439;9.4459801;65.232;82;;42.7035439;9.4459801;65.232;82;;6bdfed74cbef14ad;android;10;CPH1931;9204aa55-9f76-4db9-9024-7d8ee116acda;0;OpenRadiation app 3.0;;1;giocante.lf--p;inside;false;;;;;;;;;;;;;;;;;;;;;;;2025-03-19T13:41:55.916Z;groundlevel;0;96;0;series_1a82e4d95135a637d6
1e532173;RiumGM BLE -b;geiger;J305γβ;23;0.1227342749744738;51;(0.00000003751 * (cps * 60 - 4) ^ 2 + 0.00965 * (cps * 60 - 4)) * 0.85;2025-03-19T09:49:37.895Z;2025-03-19T09:52:19.269Z;42.7035439;9.4459801;65.232;82;;42.7035439;9.4459801;65.232;82;;6bdfed74cbef14ad;android;10;CPH1931;934d9ba9-ecbd-4193-865b-2ac48d888b7c;0;OpenRadiation app 3.0;;1;giocante.lf--p;inside;false;;;;;;;;;;;;;;;;;;;;;;;2025-03-19T13:41:55.914Z;groundlevel;0;96;0;series_1a82e4d95135a637d6
1e532173;RiumGM BLE -b;geiger;J305γβ;23;0.15550296910592284;51;(0.00000003751 * (cps * 60 - 4) ^ 2 + 0.00965 * (cps * 60 - 4)) * 0.85;2025-03-19T09:47:24.605Z;2025-03-19T09:49:37.900Z;42.7035439;9.4459801;65.232;82;26.678066;42.7035439;9.4459801;65.232;82;;6bdfed74cbef14ad;android;10;CPH1931;4a180593-b48a-4b8d-8d0e-247790cccb0a;0;OpenRadiation app 3.0;;1;giocante.lf--p;inside;false;;;;;;;;;;;;;;;;;;;;;;;2025-03-19T13:41:55.855Z;groundlevel;0;97;0;series_1a82e4d95135a637d6
1e532173;RiumGM BLE -b;geiger;J305γβ;23;0.12874648983585846;51;(0.00000003751 * (cps * 60 - 4) ^ 2 + 0.00965 * (cps * 60 - 4)) * 0.85;2025-03-19T09:44:49.241Z;2025-03-19T09:47:24.610Z;42.7036182;9.4458003;52;10;;42.7036182;9.4458003;52;10;;6bdfed74cbef14ad;android;10;CPH1931;54ecfe3f-98c2-4276-8b0b-51b716ee5c0b;0;OpenRadiation app 3.0;;1;giocante.lf--p;inside;false;;;;;;;;;;;;;;;;;;;;;;;2025-03-19T13:41:55.854Z;groundlevel;0;96;0;series_1a82e4d95135a637d6
1e532173;RiumGM BLE -b;geiger;J305γβ;23;0.13640119394139624;51;(0.00000003751 * (cps * 60 - 4) ^ 2 + 0.00965 * (cps * 60 - 4)) * 0.85;2025-03-19T09:42:20.899Z;2025-03-19T09:44:49.240Z;42.7036182;9.4458003;52;10;;42.7036182;9.4458003;52;10;;6bdfed74cbef14ad;android;10;CPH1931;525503f9-6097-4411-afc9-7dd643dfd5b1;0;OpenRadiation app 3.0;;1;giocante.lf--p;inside;false;;;;;;;;;;;;;;;;;;;;;;;2025-03-19T13:41:55.851Z;groundlevel;0;96;0;series_1a82e4d95135a637d6
1e532173;RiumGM BLE -b;geiger;J305γβ;23;0.13191572802155094;51;(0.00000003751 * (cps * 60 - 4) ^ 2 + 0.00965 * (cps * 60 - 4)) * 0.85;2025-03-19T09:39:48.526Z;2025-03-19T09:42:20.906Z;42.7036182;9.4458003;52;10;;42.7036182;9.4458003;52;10;;6bdfed74cbef14ad;android;10;CPH1931;066d370e-5820-4758-9bf4-881f70fe6ec5;0;OpenRadiation app 3.0;;1;giocante.lf--p;inside;false;;;;;;;;;;;;;;;;;;;;;;;2025-03-19T13:41:55.743Z;groundlevel;0;96;0;series_1a82e4d95135a637d6
1e532173;RiumGM BLE -b;geiger;J305γβ;23;0.14357654442297194;51;(0.00000003751 * (cps * 60 - 4) ^ 2 + 0.00965 * (cps * 60 - 4)) * 0.85;2025-03-19T09:37:26.236Z;2025-03-19T09:39:48.543Z;42.7036182;9.4458003;52;10;;42.7036182;9.4458003;52;10;;6bdfed74cbef14ad;android;10;CPH1931;79d93231-b013-4274-9d18-09ca36d8a004;0;OpenRadiation app 3.0;;1;giocante.lf--p;inside;false;;;;;;;;;;;;;;;;;;;;;;;2025-03-19T13:41:55.736Z;groundlevel;0;96;0;series_1a82e4d95135a637d6
1e532173;RiumGM BLE -b;geiger;J305γβ;23;0.1889627004742646;51;(0.00000003751 * (cps * 60 - 4) ^ 2 + 0.00965 * (cps * 60 - 4)) * 0.85;2025-03-19T09:35:32.992Z;2025-03-19T09:37:26.178Z;42.7036182;9.4458003;52;10;;42.7036182;9.4458003;52;10;;6bdfed74cbef14ad;android;10;CPH1931;de9cc05c-e151-4824-a3a3-2c0261ca5611;0;OpenRadiation app 3.0;;1;giocante.lf--p;inside;false;;;;;;;;;;;;;;;;;;;;;;;2025-03-19T13:41:55.847Z;groundlevel;0;96;0;series_1a82e4d95135a637d6
1e532173;RiumGM BLE -b;geiger;J305γβ;23;0.16133233177012996;51;(0.00000003751 * (cps * 60 - 4) ^ 2 + 0.00965 * (cps * 60 - 4)) * 0.85;2025-03-19T09:33:23.622Z;2025-03-19T09:35:32.915Z;42.7034956;9.4460038;23.198;70;;42.7036182;9.4458003;52;10;;6bdfed74cbef14ad;android;10;CPH1931;ef77bdaf-8133-45e6-bb87-04d55d0bdc1a;0;OpenRadiation app 3.0;;1;giocante.lf--p;inside;false;;;;;;;;;;;;;;;;;;;;;;;2025-03-19T13:41:55.744Z;groundlevel;0;96;0;series_1a82e4d95135a637d6
1e532173;RiumGM BLE -b;geiger;J305γβ;23;0.14110884802078213;51;(0.00000003751 * (cps * 60 - 4) ^ 2 + 0.00965 * (cps * 60 - 4)) * 0.85;2025-03-19T09:30:59.332Z;2025-03-19T09:33:23.658Z;42.7034956;9.4460038;23.198;70;;42.7034956;9.4460038;23.198;70;;6bdfed74cbef14ad;android;10;CPH1931;81176dc6-d69c-42a4-8e6b-f719933e8b1d;0;OpenRadiation app 3.0;;1;giocante.lf--p;inside;false;;;;;;;;;;;;;;;;;;;;;;;2025-03-19T13:41:55.737Z;groundlevel;0;96;0;series_1a82e4d95135a637d6
1e532173;RiumGM BLE -b;geiger;J305γβ;23;0.1341488801189245;51;(0.00000003751 * (cps * 60 - 4) ^ 2 + 0.00965 * (cps * 60 - 4)) * 0.85;2025-03-19T09:28:28.956Z;2025-03-19T09:30:59.298Z;42.7034956;9.4460038;23.198;70;;42.7034956;9.4460038;23.198;70;;6bdfed74cbef14ad;android;10;CPH1931;b09af7e9-56f5-4bab-8d66-6f90385741a4;0;OpenRadiation app 3.0;;1;giocante.lf--p;inside;false;;;;;;;;;;;;;;;;;;;;;;;2025-03-19T13:41:55.950Z;groundlevel;0;96;0;series_1a82e4d95135a637d6
1e532173;RiumGM BLE -b;geiger;J305γβ;23;0.15984954942184582;51;(0.00000003751 * (cps * 60 - 4) ^ 2 + 0.00965 * (cps * 60 - 4)) * 0.85;2025-03-19T09:26:18.638Z;2025-03-19T09:28:28.926Z;42.7034956;9.4460038;23.198;70;;42.7034956;9.4460038;23.198;70;;6bdfed74cbef14ad;android;10;CPH1931;240c3858-80b4-46ae-8a31-21b881c467ff;0;OpenRadiation app 3.0;;1;giocante.lf--p;inside;false;;;;;;;;;;;;;;;;;;;;;;;2025-03-19T13:41:55.737Z;groundlevel;0;96;0;series_1a82e4d95135a637d6
1e532173;RiumGM BLE -b;geiger;J305γβ;23;0.14603750333721627;51;(0.00000003751 * (cps * 60 - 4) ^ 2 + 0.00965 * (cps * 60 - 4)) * 0.85;2025-03-19T09:23:58.368Z;2025-03-19T09:26:18.717Z;42.7034956;9.4460038;23.198;70;;42.7034956;9.4460038;23.198;70;;6bdfed74cbef14ad;android;10;CPH1931;969957bd-4a01-42c1-86f1-c498a310222e;0;OpenRadiation app 3.0;;1;giocante.lf--p;inside;false;;;;;;;;;;;;;;;;;;;;;;;2025-03-19T13:41:56.040Z;groundlevel;0;96;0;series_1a82e4d95135a637d6
1e532173;RiumGM BLE -b;geiger;J305γβ;23;0.18314286503978733;51;(0.00000003751 * (cps * 60 - 4) ^ 2 + 0.00965 * (cps * 60 - 4)) * 0.85;2025-03-19T09:22:02.081Z;2025-03-19T09:23:58.317Z;42.7034956;9.4460038;23.198;70;;42.7034956;9.4460038;23.198;70;;6bdfed74cbef14ad;android;10;CPH1931;b8055536-c79c-4db3-8858-0f1ea1afbeaf;0;OpenRadiation app 3.0;;1;giocante.lf--p;inside;false;;;;;;;;;;;;;;;;;;;;;;;2025-03-19T13:41:56.058Z;groundlevel;0;96;0;series_1a82e4d95135a637d6
1e532173;RiumGM BLE -b;geiger;J305γβ;23;0.1635205299235023;52;(0.00000003751 * (cps * 60 - 4) ^ 2 + 0.00965 * (cps * 60 - 4)) * 0.85;2025-03-19T09:19:51.733Z;2025-03-19T09:22:02.092Z;42.7034956;9.4460038;23.198;70;;42.7034956;9.4460038;23.198;70;;6bdfed74cbef14ad;android;10;CPH1931;7e7fba56-e915-44c9-9eca-f0ca583e42f5;0;OpenRadiation app 3.0;;1;giocante.lf--p;inside;false;;;;;;;;;;;;;;;;;;;;;;;2025-03-19T13:41:56.053Z;groundlevel;0;96;0;series_1a82e4d95135a637d6
1e532173;RiumGM BLE -b;geiger;J305γβ;23;0.16982432606607303;52;(0.00000003751 * (cps * 60 - 4) ^ 2 + 0.00965 * (cps * 60 - 4)) * 0.85;2025-03-19T09:17:45.465Z;2025-03-19T09:19:51.769Z;42.7034956;9.4460038;23.198;70;;42.7034956;9.4460038;23.198;70;;6bdfed74cbef14ad;android;10;CPH1931;dff932c1-9804-4a2e-8222-c9835888c4a8;0;OpenRadiation app 3.0;;1;giocante.lf--p;inside;false;;;;;;;;;;;;;;;;;;;;;;;2025-03-19T13:42:03.297Z;groundlevel;0;96;0;series_1a82e4d95135a637d6
1e532173;RiumGM BLE -b;geiger;J305γβ;24;0.15548601612428764;51;(0.00000003751 * (cps * 60 - 4) ^ 2 + 0.00965 * (cps * 60 - 4)) * 0.85;2025-03-19T09:15:32.194Z;2025-03-19T09:17:45.501Z;42.7034956;9.4460038;23.198;70;;42.7034956;9.4460038;23.198;70;;6bdfed74cbef14ad;android;10;CPH1931;ebb6ec99-3e7b-4df1-ac1c-8edc2e797cab;0;OpenRadiation app 3.0;;1;giocante.lf--p;inside;false;;;;;;;;;;;;;;;;;;;;;;;2025-03-19T13:41:55.941Z;groundlevel;0;96;0;series_1a82e4d95135a637d6
1e532173;RiumGM BLE -b;geiger;J305γβ;24;0.13992389077629075;51;(0.00000003751 * (cps * 60 - 4) ^ 2 + 0.00965 * (cps * 60 - 4)) * 0.85;2025-03-19T09:13:06.848Z;2025-03-19T09:15:32.164Z;42.7034956;9.4460038;23.198;70;;42.7034956;9.4460038;23.198;70;;6bdfed74cbef14ad;android;10;CPH1931;3179b577-a3d8-478d-9f3c-f43ef0e96557;0;OpenRadiation app 3.0;;1;giocante.lf--p;inside;false;;;;;;;;;;;;;;;;;;;;;;;2025-03-19T13:41:55.730Z;groundlevel;0;96;0;series_1a82e4d95135a637d6
1e532173;RiumGM BLE -b;geiger;J305γβ;24;0.13306972257128075;51;(0.00000003751 * (cps * 60 - 4) ^ 2 + 0.00965 * (cps * 60 - 4)) * 0.85;2025-03-19T09:10:35.515Z;2025-03-19T09:13:06.835Z;42.7034633;9.4458888;39.97;70;;42.7034956;9.4460038;23.198;70;;6bdfed74cbef14ad;android;10;CPH1931;57875a46-25c7-4f75-9bdc-ac63faec1ccf;0;OpenRadiation app 3.0;;1;giocante.lf--p;inside;false;;;;;;;;;;;;;;;;;;;;;;;2025-03-19T13:41:55.915Z;groundlevel;0;96;0;series_1a82e4d95135a637d6
1e532173;RiumGM BLE -b;geiger;J305γβ;24;0.13839404241351452;53;(0.00000003751 * (cps * 60 - 4) ^ 2 + 0.00965 * (cps * 60 - 4)) * 0.85;2025-03-19T09:08:03.132Z;2025-03-19T09:10:35.496Z;42.7035412;9.445659;29.784;83;;42.7034633;9.4458888;39.97;70;;6bdfed74cbef14ad;android;10;CPH1931;a07cbff4-9c50-4bde-a832-ce826763df65;0;OpenRadiation app 3.0;;1;giocante.lf--p;inside;false;;;;;;;;;;;;;;;;;;;;;;;2025-03-19T13:42:03.297Z;groundlevel;0;96;0;series_1a82e4d95135a637d6
1e532173;RiumGM BLE -b;geiger;J305γβ;21;0.15356053946051554;52;(0.00000003751 * (cps * 60 - 4) ^ 2 + 0.00965 * (cps * 60 - 4)) * 0.85;2025-03-19T06:47:28.496Z;2025-03-19T06:49:45.821Z;42.7036152;9.4459501;3;73;;42.7036152;9.4459501;3;73;;6bdfed74cbef14ad;android;10;CPH1931;7e5c87b0-4cfb-44aa-b86b-3fbee23b58f7;0;OpenRadiation app 3.0;;1;giocante.lf--p;inside;false;;;;;;;;;;;;;;;;;;;;;;;2025-03-19T06:50:18.524Z;groundlevel;0;96;0;series_7abeb0664e2dc36464
1e532173;RiumGM BLE -b;geiger;J305γβ;21;0.13406818621398087;52;(0.00000003751 * (cps * 60 - 4) ^ 2 + 0.00965 * (cps * 60 - 4)) * 0.85;2025-03-19T06:44:55.142Z;2025-03-19T06:47:28.506Z;42.7036152;9.4459501;3;73;;42.7036152;9.4459501;3;73;;6bdfed74cbef14ad;android;10;CPH1931;8b6c7bbb-da11-4641-b0fc-a8787a0c0fd6;0;OpenRadiation app 3.0;;1;giocante.lf--p;inside;false;;;;;;;;;;;;;;;;;;;;;;;2025-03-19T06:50:18.645Z;groundlevel;0;96;0;series_7abeb0664e2dc36464
3021143173;RiumGm;geiger;J305γβ;28;0.09898709974216492;82;(0.00000003751 * (cps * 60 - 4) ^ 2 + 0.00965 * (cps * 60 - 4)) * 0.85;2025-03-16T12:20:08.637Z;2025-03-16T12:25:14.848Z;41.5786207;9.2706996;3.7;55;;41.5786207;9.2706996;3.7;55;;25eac9e9f708ad66;android;14;SM-S901B;d98cbfb8-4b3f-4431-b91f-2d302d43ff3e;0;OpenRadiation app 3.0;;1;giocante_1;ontheroad;false;;;;;;;;;;;;;;;;;;;;;;;2025-03-18T11:57:00.262Z;groundlevel;0;106;0;series_e5a40c65f9114a85aa
3021143173;RiumGm;geiger;J305γβ;28;0.10635397608200219;85;(0.00000003751 * (cps * 60 - 4) ^ 2 + 0.00965 * (cps * 60 - 4)) * 0.85;2025-03-16T12:15:08.114Z;2025-03-16T12:20:08.726Z;41.5786207;9.2706996;3.7;55;;41.5786207;9.2706996;3.7;55;;25eac9e9f708ad66;android;14;SM-S901B;c2823292-5dfe-4fcc-979e-db6785e0a520;0;OpenRadiation app 3.0;;1;giocante_1;ontheroad;false;;;;;;;;;;;;;;;;;;;;;;;2025-03-18T11:57:00.259Z;groundlevel;0;106;0;series_e5a40c65f9114a85aa
3021143173;RiumGm;geiger;J305γβ;27;0.13821850185977275;105;(0.00000003751 * (cps * 60 - 4) ^ 2 + 0.00965 * (cps * 60 - 4)) * 0.85;2025-03-16T12:10:03.567Z;2025-03-16T12:15:05.730Z;41.5786207;9.2706996;3.7;55;;41.5786207;9.2706996;3.7;55;;25eac9e9f708ad66;android;14;SM-S901B;c4abbb55-e3b2-4d4d-bd1c-31d5ba458dc2;0;OpenRadiation app 3.0;;1;giocante_1;ontheroad;false;;;;;;;;;;;;;;;;;;;;;;;2025-03-18T11:57:00.258Z;groundlevel;0;106;0;series_e5a40c65f9114a85aa
3021143173;RiumGm;geiger;J305γβ;27;0.11470896503028188;90;(0.00000003751 * (cps * 60 - 4) ^ 2 + 0.00965 * (cps * 60 - 4)) * 0.85;2025-03-16T12:05:03.391Z;2025-03-16T12:10:03.660Z;41.5789284;9.2700846;3.4;51;;41.5786207;9.2706996;3.7;55;;25eac9e9f708ad66;android;14;SM-S901B;553c1f9c-edf0-4c0a-9d5f-a0486b89e573;0;OpenRadiation app 3.0;;1;giocante_1;ontheroad;false;;;;;;;;;;;;;;;;;;;;;;;2025-03-18T11:57:00.233Z;groundlevel;0;106;0;series_e5a40c65f9114a85aa
3021143173;RiumGm;geiger;J305γβ;27;0.12464127685908939;96;(0.00000003751 * (cps * 60 - 4) ^ 2 + 0.00965 * (cps * 60 - 4)) * 0.85;2025-03-16T12:00:01.781Z;2025-03-16T12:05:01.865Z;41.6065789;9.277733;1.5;47;;41.5789284;9.2700846;3.4;51;;25eac9e9f708ad66;android;14;SM-S901B;dac8a432-e043-4e5b-add2-b6a3d3d96985;0;OpenRadiation app 3.0;;1;giocante_1;ontheroad;false;;;;;;;;;;;;;;;;;;;;;;;2025-03-18T11:57:00.258Z;groundlevel;0;106;0;series_e5a40c65f9114a85aa
3021143173;RiumGm;geiger;J305γβ;27;0.11255928432908469;90;(0.00000003751 * (cps * 60 - 4) ^ 2 + 0.00965 * (cps * 60 - 4)) * 0.85;2025-03-16T11:54:52.971Z;2025-03-16T11:59:57.680Z;41.6492516;9.2983388;2;93;;41.6065789;9.277733;1.5;47;;25eac9e9f708ad66;android;14;SM-S901B;89ef3906-ebfc-42a6-b494-297e5a651252;0;OpenRadiation app 3.0;;1;giocante_1;ontheroad;false;;;;;;;;;;;;;;;;;;;;;;;2025-03-18T11:57:00.253Z;groundlevel;0;106;0;series_e5a40c65f9114a85aa
3021143173;RiumGm;geiger;J305γβ;26;0.09149657297702321;76;(0.00000003751 * (cps * 60 - 4) ^ 2 + 0.00965 * (cps * 60 - 4)) * 0.85;2025-03-16T11:49:46.400Z;2025-03-16T11:54:47.306Z;41.6900899;9.3286865;2;124;;41.6492516;9.2983388;2;93;;25eac9e9f708ad66;android;14;SM-S901B;65f39ac7-83dd-44e2-857f-7dce41f898f2;0;OpenRadiation app 3.0;;1;giocante_1;ontheroad;false;;;;;;;;;;;;;;;;;;;;;;;2025-03-18T11:57:00.248Z;groundlevel;0;106;0;series_e5a40c65f9114a85aa
3021143173;RiumGm;geiger;J305γβ;26;0.11728407173561542;93;(0.00000003751 * (cps * 60 - 4) ^ 2 + 0.00965 * (cps * 60 - 4)) * 0.85;2025-03-16T11:44:41.555Z;2025-03-16T11:49:46.510Z;41.7105734;9.3935775;3.5;66;;41.6900899;9.3286865;2;124;;25eac9e9f708ad66;android;14;SM-S901B;c136f455-c9bf-44be-9c8c-846565a8abb5;0;OpenRadiation app 3.0;;1;giocante_1;ontheroad;false;;;;;;;;;;;;;;;;;;;;;;;2025-03-18T11:57:00.330Z;groundlevel;0;106;0;series_e5a40c65f9114a85aa
3021143173;RiumGm;geiger;J305γβ;25;0.14928695548263873;111;(0.00000003751 * (cps * 60 - 4) ^ 2 + 0.00965 * (cps * 60 - 4)) * 0.85;2025-03-16T11:39:39.691Z;2025-03-16T11:44:39.706Z;41.7587759;9.4042789;2.5;68;;41.7105734;9.3935775;3.5;66;;25eac9e9f708ad66;android;14;SM-S901B;aa3296ec-471d-492a-babf-21dd73ce4eab;0;OpenRadiation app 3.0;;1;giocante_1;ontheroad;false;;;;;;;;;;;;;;;;;;;;;;;2025-03-18T11:57:00.331Z;groundlevel;0;106;0;series_e5a40c65f9114a85aa
3021143173;RiumGm;geiger;J305γβ;25;0.16025285262344477;118;(0.00000003751 * (cps * 60 - 4) ^ 2 + 0.00965 * (cps * 60 - 4)) * 0.85;2025-03-16T11:34:32.227Z;2025-03-16T11:39:33.048Z;41.8052561;9.3975675;2;72;;41.7587759;9.4042789;2.5;68;;25eac9e9f708ad66;android;14;SM-S901B;3c5aa59c-b49c-4ee9-9c6d-049f4b95b7e0;0;OpenRadiation app 3.0;;1;giocante_1;ontheroad;false;;;;;;;;;;;;;;;;;;;;;;;2025-03-18T11:57:00.248Z;groundlevel;0;106;0;series_e5a40c65f9114a85aa
3021143173;RiumGm;geiger;J305γβ;26;0.09499522882466169;78;(0.00000003751 * (cps * 60 - 4) ^ 2 + 0.00965 * (cps * 60 - 4)) * 0.85;2025-03-16T11:29:28.295Z;2025-03-16T11:34:28.666Z;41.8591912;9.3966207;2.4;64;;41.8052561;9.3975675;2;72;;25eac9e9f708ad66;android;14;SM-S901B;88430b00-90cb-40c8-94df-48234dad7318;0;OpenRadiation app 3.0;;1;giocante_1;ontheroad;false;;;;;;;;;;;;;;;;;;;;;;;2025-03-18T11:57:00.427Z;groundlevel;0;106;0;series_e5a40c65f9114a85aa
3021143173;RiumGm;geiger;J305γβ;26;0.05527012149459713;55;(0.00000003751 * (cps * 60 - 4) ^ 2 + 0.00965 * (cps * 60 - 4)) * 0.85;2025-03-16T11:24:21.078Z;2025-03-16T11:29:28.397Z;41.9173649;9.3895465;2;73;;41.8591912;9.3966207;2.4;64;;25eac9e9f708ad66;android;14;SM-S901B;389b2b2d-dc59-4c13-9517-faa760299d5a;0;OpenRadiation app 3.0;;1;giocante_1;ontheroad;false;;;;;;;;;;;;;;;;;;;;;;;2025-03-18T11:57:00.244Z;groundlevel;0;106;0;series_e5a40c65f9114a85aa
3021143173;RiumGm;geiger;J305γβ;26;0.09265441907329697;77;(0.00000003751 * (cps * 60 - 4) ^ 2 + 0.00965 * (cps * 60 - 4)) * 0.85;2025-03-16T11:19:19.103Z;2025-03-16T11:24:21.155Z;41.9739578;9.3990608;1.5;66;;41.9173649;9.3895465;2;73;;25eac9e9f708ad66;android;14;SM-S901B;ed77b3f0-cf66-4990-8918-fb83cc29f29d;0;OpenRadiation app 3.0;;1;giocante_1;ontheroad;false;;;;;;;;;;;;;;;;;;;;;;;2025-03-18T11:57:00.442Z;groundlevel;0;106;0;series_e5a40c65f9114a85aa
3021143173;RiumGm;geiger;J305γβ;26;0.07948657181987802;72;(0.00000003751 * (cps * 60 - 4) ^ 2 + 0.00965 * (cps * 60 - 4)) * 0.85;2025-03-16T11:13:43.834Z;2025-03-16T11:18:59.389Z;42.016244;9.4053611;2.5;68;;41.9739578;9.3990608;1.5;66;;25eac9e9f708ad66;android;14;SM-S901B;9c967df9-4176-4d79-9b4e-ac41d8d6efff;0;OpenRadiation app 3.0;;1;giocante_1;ontheroad;false;;;;;;;;;;;;;;;;;;;;;;;2025-03-18T11:57:00.249Z;groundlevel;0;106;0;series_e5a40c65f9114a85aa
3021143173;RiumGm;geiger;J305γβ;26;0.07008253626064481;63;(0.00000003751 * (cps * 60 - 4) ^ 2 + 0.00965 * (cps * 60 - 4)) * 0.85;2025-03-16T11:08:38.792Z;2025-03-16T11:13:40.137Z;42.0222374;9.4103664;3;58;;42.016244;9.4053611;2.5;68;;25eac9e9f708ad66;android;14;SM-S901B;99c67b75-cabb-4ec6-8402-cbaabf57616b;0;OpenRadiation app 3.0;;1;giocante_1;ontheroad;false;;;;;;;;;;;;;;;;;;;;;;;2025-03-18T11:57:00.219Z;groundlevel;0;106;0;series_e5a40c65f9114a85aa
3021143173;RiumGm;geiger;J305γβ;25;0.08763991688075488;74;(0.00000003751 * (cps * 60 - 4) ^ 2 + 0.00965 * (cps * 60 - 4)) * 0.85;2025-03-16T11:03:35.112Z;2025-03-16T11:08:37.480Z;42.0222374;9.4103664;3;58;;42.0222374;9.4103664;3;58;;25eac9e9f708ad66;android;14;SM-S901B;acc8df2b-4ce2-4f53-9f49-2633b56a7717;0;OpenRadiation app 3.0;;1;giocante_1;ontheroad;false;;;;;;;;;;;;;;;;;;;;;;;2025-03-18T11:57:00.248Z;groundlevel;0;106;0;series_e5a40c65f9114a85aa
3021143173;RiumGm;geiger;J305γβ;24;0.07065042703712297;66;(0.00000003751 * (cps * 60 - 4) ^ 2 + 0.00965 * (cps * 60 - 4)) * 0.85;2025-03-16T10:58:21.259Z;2025-03-16T11:03:35.221Z;42.0519945;9.4297638;2;103;;42.0222374;9.4103664;3;58;;25eac9e9f708ad66;android;14;SM-S901B;0e23337d-7fd9-4648-9d41-e4de5a12d5da;0;OpenRadiation app 3.0;;1;giocante_1;ontheroad;false;;;;;;;;;;;;;;;;;;;;;;;2025-03-18T11:57:00.422Z;groundlevel;0;106;0;series_e5a40c65f9114a85aa
3021143173;RiumGm;geiger;J305γβ;23;0.1143545925540104;90;(0.00000003751 * (cps * 60 - 4) ^ 2 + 0.00965 * (cps * 60 - 4)) * 0.85;2025-03-16T10:53:20.364Z;2025-03-16T10:58:21.356Z;42.0858971;9.495337;15.5;73;17.476875;42.0519945;9.4297638;2;103;;25eac9e9f708ad66;android;14;SM-S901B;84761423-764c-4478-9f45-0e428d705f3f;0;OpenRadiation app 3.0;;1;giocante_1;ontheroad;false;;;;;;;;;;;;;;;;;;;;;;;2025-03-18T11:57:00.267Z;groundlevel;0;107;0;series_e5a40c65f9114a85aa
3021143173;RiumGm;geiger;J305γβ;26;0.11614576285610237;98;(0.00000003751 * (cps * 60 - 4) ^ 2 + 0.00965 * (cps * 60 - 4)) * 0.85;2025-03-15T14:23:32.150Z;2025-03-15T14:28:55.956Z;42.6809684;9.4287374;3;188;;42.6817222;9.4289807;3.562;185;;25eac9e9f708ad66;android;14;SM-S901B;9f275d61-9d7e-4bcf-b005-0fb90599cd11;0;OpenRadiation app 3.0;;1;giocante_1;city;false;;;;;;;;;;;;;;;;;;;;;;;2025-03-15T14:29:43.640Z;groundlevel;0;105;0;
3021143173;RiumGm;geiger;J305γβ;29;0.12436477045387848;198;(0.00000003751 * (cps * 60 - 4) ^ 2 + 0.00965 * (cps * 60 - 4)) * 0.85;2025-03-15T14:12:03.453Z;2025-03-15T14:22:23.465Z;42.6814359;9.4277642;7.58;209;;42.6808435;9.4278596;3;191;;25eac9e9f708ad66;android;14;SM-S901B;565756b3-6cf2-4e59-b39f-82df3f9ef373;0;OpenRadiation app 3.0;;1;giocante_1;city;false;;;;;;;;;;;;;;;;;;;;;;;2025-03-15T14:29:41.026Z;groundlevel;0;105;0;
3021143173;RiumGm;geiger;J305γβ;29;0.1414272850069815;52;(0.00000003751 * (cps * 60 - 4) ^ 2 + 0.00965 * (cps * 60 - 4)) * 0.85;2025-03-15T14:09:15.224Z;2025-03-15T14:11:42.111Z;42.6814359;9.4277642;7.58;209;;42.6814359;9.4277642;7.58;209;;25eac9e9f708ad66;android;14;SM-S901B;cc2c91a3-f2ff-4354-a6e9-6526689aa121;0;OpenRadiation app 3.0;;1;giocante_1;city;false;;;;;;;;;;;;;;;;;;;;;;;2025-03-15T14:29:34.321Z;groundlevel;0;105;0;
3021143173;RiumGm;geiger;J305γβ;29;0.10056947135979236;52;(0.00000003751 * (cps * 60 - 4) ^ 2 + 0.00965 * (cps * 60 - 4)) * 0.85;2025-03-15T14:05:48.071Z;2025-03-15T14:08:59.950Z;42.6814359;9.4277642;7.58;209;;42.6814359;9.4277642;7.58;209;;25eac9e9f708ad66;android;14;SM-S901B;7133edce-2531-426d-8026-6530adab1e11;0;OpenRadiation app 3.0;;1;giocante_1;inside;false;;;;;;;;;;;;;;;;;;;;;;;2025-03-15T14:29:39.303Z;groundlevel;0;95;0;
3021143173;RiumGm;geiger;J305γβ;29;0.10378124580431158;68;(0.00000003751 * (cps * 60 - 4) ^ 2 + 0.00965 * (cps * 60 - 4)) * 0.85;2025-03-15T14:00:59.401Z;2025-03-15T14:05:04.420Z;42.6813956;9.4277538;7.472;204;;42.6814359;9.4277642;7.58;209;;25eac9e9f708ad66;android;14;SM-S901B;d2c7823e-8818-4c62-8772-c043ec1135aa;0;OpenRadiation app 3.0;;1;giocante_1;inside;false;;;;;;;;;;;;;;;;;;;;;;;2025-03-15T14:29:35.904Z;groundlevel;0;95;0;
3021143173;RiumGm;geiger;J305γβ;28;0.15161958414858528;61;(0.00000003751 * (cps * 60 - 4) ^ 2 + 0.00965 * (cps * 60 - 4)) * 0.85;2025-03-15T13:57:41.956Z;2025-03-15T14:00:24.744Z;42.6814818;9.4275394;8.454;204;;42.6813956;9.4277538;7.472;204;;25eac9e9f708ad66;android;14;SM-S901B;9a9bbee0-2fdd-4b37-8063-806443b0c48f;0;OpenRadiation app 3.0;;1;giocante_1;inside;false;;;;;;;;;;;;;;;;;;;;;;;2025-03-15T14:29:37.640Z;groundlevel;0;95;0;
3021143173;RiumGm;geiger;J305γβ;28;0.10146079555597265;78;(0.00000003751 * (cps * 60 - 4) ^ 2 + 0.00965 * (cps * 60 - 4)) * 0.85;2025-03-15T13:51:30.389Z;2025-03-15T13:56:16.297Z;42.681369;9.4277306;9.83;204;;42.6814818;9.4275394;8.454;204;;25eac9e9f708ad66;android;14;SM-S901B;8acbcb26-089e-49df-b009-ef24ac33aebb;0;OpenRadiation app 3.0;;1;giocante_1;inside;false;;;;;;;;;;;;;;;;;;;;;;;2025-03-15T13:56:36.121Z;groundlevel;0;95;0;
3021143173;RiumGm;geiger;J305γβ;28;0.11344771935510953;55;(0.00000003751 * (cps * 60 - 4) ^ 2 + 0.00965 * (cps * 60 - 4)) * 0.85;2025-03-15T13:48:05.885Z;2025-03-15T13:51:10.965Z;42.681416;9.427941;5.877;202;;42.681369;9.4277306;9.83;204;;25eac9e9f708ad66;android;14;SM-S901B;111887b8-2c38-40a8-8923-473947be0e06;0;OpenRadiation app 3.0;;1;giocante_1;inside;false;;;;;;;;;;;;;;;;;;;;;;;2025-03-15T13:56:37.547Z;groundlevel;0;95;0;
3021143173;RiumGm;geiger;J305γβ;27;0.12191740511407531;50;(0.00000003751 * (cps * 60 - 4) ^ 2 + 0.00965 * (cps * 60 - 4)) * 0.85;2025-03-15T13:45:03.937Z;2025-03-15T13:47:42.982Z;42.6815993;9.4272662;9.558;200;;42.681416;9.427941;5.877;202;;25eac9e9f708ad66;android;14;SM-S901B;cce43ba7-a13f-428c-93f3-002ef6731e54;0;OpenRadiation app 3.0;;1;giocante_1;inside;false;;;;;;;;;;;;;;;;;;;;;;;2025-03-15T13:56:39.513Z;groundlevel;0;95;0;
3021143173;RiumGm;geiger;J305γβ;27;0.0986449313783981;50;(0.00000003751 * (cps * 60 - 4) ^ 2 + 0.00965 * (cps * 60 - 4)) * 0.85;2025-03-15T13:41:38.136Z;2025-03-15T13:44:45.336Z;42.6814019;9.4276769;9.879;200;;42.6815993;9.4272662;9.558;200;;25eac9e9f708ad66;android;14;SM-S901B;f9b5e07a-2f0e-4e90-a5b3-8a98a75d6545;0;OpenRadiation app 3.0;;1;giocante_1;inside;false;;;;;;;;;;;;;;;;;;;;;;;2025-03-15T13:56:49.780Z;groundlevel;0;95;0;
3021143173;RiumGm;geiger;J305γβ;24;0.09495840683145836;50;(0.00000003751 * (cps * 60 - 4) ^ 2 + 0.00965 * (cps * 60 - 4)) * 0.85;2025-03-15T13:36:44.817Z;2025-03-15T13:39:57.418Z;42.6814019;9.4276769;9.879;200;;42.6814019;9.4276769;9.879;200;;25eac9e9f708ad66;android;14;SM-S901B;84b7e8f2-7bd9-4074-8f7f-55e9bb4ff745;0;OpenRadiation app 3.0;;1;giocante_1;inside;false;;;;;;;;;;;;;;;;;;;;;;;2025-03-15T13:40:13.246Z;groundlevel;0;95;0;
3021143173;RiumGm;geiger;J305γβ;23;0.1614915225725773;50;(0.00000003751 * (cps * 60 - 4) ^ 2 + 0.00965 * (cps * 60 - 4)) * 0.85;2025-03-15T13:33:59.755Z;2025-03-15T13:36:06.409Z;42.6814621;9.4276852;12.877;196;;42.6814019;9.4276769;9.879;200;;25eac9e9f708ad66;android;14;SM-S901B;1b9a9729-f7b8-44b5-8e2f-762222cc7d39;0;OpenRadiation app 3.0;;1;giocante_1;inside;false;;;;;;;;;;;;;;;;;;;;;;;2025-03-15T13:40:15.418Z;groundlevel;0;95;0;
3021143173;RiumGm;geiger;J305γβ;22;0.1620694526438508;51;(0.00000003751 * (cps * 60 - 4) ^ 2 + 0.00965 * (cps * 60 - 4)) * 0.85;2025-03-15T13:31:25.646Z;2025-03-15T13:33:34.450Z;42.6815993;9.4272209;10.256;196;;42.6814621;9.4276852;12.877;196;;25eac9e9f708ad66;android;14;SM-S901B;7d928881-c5cd-4081-b478-c63281ccd1c4;0;OpenRadiation app 3.0;;1;giocante_1;inside;false;;;;;;;;;;;;;;;;;;;;;;;2025-03-15T13:40:17.293Z;groundlevel;0;95;0;
3021143173;RiumGm;geiger;J305γβ;22;0.14330974493151258;50;(0.00000003751 * (cps * 60 - 4) ^ 2 + 0.00965 * (cps * 60 - 4)) * 0.85;2025-03-15T13:28:51.364Z;2025-03-15T13:31:11.092Z;42.6815993;9.4272209;10.256;196;;42.6815993;9.4272209;10.256;196;;25eac9e9f708ad66;android;14;SM-S901B;7d3480fd-679d-4c20-b8eb-cf698e498f1a;0;OpenRadiation app 3.0;;1;giocante_1;inside;false;;;;;;;;;;;;;;;;;;;;;;;2025-03-15T13:40:18.514Z;groundlevel;0;95;0;
3021143173;RiumGm;geiger;J305γβ;22;0.1579230086008473;79;(0.00000003751 * (cps * 60 - 4) ^ 2 + 0.00965 * (cps * 60 - 4)) * 0.85;2025-03-15T13:25:14.115Z;2025-03-15T13:28:37.972Z;42.6815993;9.4272209;10.256;196;;42.6815993;9.4272209;10.256;196;;25eac9e9f708ad66;android;14;SM-S901B;e0467d24-effc-4b08-ac7e-91c7bc9eae1f;0;OpenRadiation app 3.0;;0;giocante_1;inside;false;;;;;;;;;;;;;;;;;;;;;;;2025-03-15T13:40:19.810Z;groundlevel;0;85;0;
3021143173;RiumGm;geiger;J305γβ;23;0.12111022191925906;50;(0.00000003751 * (cps * 60 - 4) ^ 2 + 0.00965 * (cps * 60 - 4)) * 0.85;2025-03-15T13:21:57.455Z;2025-03-15T13:24:37.334Z;42.681382;9.4277267;10.767;196;;42.6819502;9.4273233;9.906;196;;25eac9e9f708ad66;android;14;SM-S901B;a849a439-4982-4360-a83f-92f5a1bd93b1;0;OpenRadiation app 3.0;;1;giocante_1;inside;false;;;;;;;;;;;;;;;;;;;;;;;2025-03-15T13:40:21.017Z;groundlevel;0;95;0;
3021143173;RiumGm;geiger;J305γβ;23;0.11122173582693051;53;(0.00000003751 * (cps * 60 - 4) ^ 2 + 0.00965 * (cps * 60 - 4)) * 0.85;2025-03-15T13:18:41.941Z;2025-03-15T13:21:43.047Z;42.6813213;9.4279186;3.894;192;;42.681382;9.4277267;10.767;196;;25eac9e9f708ad66;android;14;SM-S901B;f8ee55cb-5c91-4fa8-b6d0-13438a7721ec;0;OpenRadiation app 3.0;;1;giocante_1;inside;false;;;;;;;;;;;;;;;;;;;;;;;2025-03-15T13:40:22.304Z;groundlevel;0;95;0;
3021143173;RiumGm;geiger;J305γβ;26;0.13447292560775156;58;(0.00000003751 * (cps * 60 - 4) ^ 2 + 0.00965 * (cps * 60 - 4)) * 0.85;2025-03-15T13:14:12.149Z;2025-03-15T13:17:02.795Z;42.6814727;9.4284857;3.496;192;;42.6814727;9.4284857;3.496;192;;25eac9e9f708ad66;android;14;SM-S901B;67b92d69-cb5e-4b1a-b5e5-3afb9d6478cd;0;OpenRadiation app 3.0;;0;giocante_1;city;false;;;;;;;;;;;;;;;;;;;;;;;2025-03-15T13:40:23.705Z;groundlevel;0;95;0;
3021143173;RiumGm;geiger;J305γβ;29;0.10476539497421787;56;(0.00000003751 * (cps * 60 - 4) ^ 2 + 0.00965 * (cps * 60 - 4)) * 0.85;2025-03-15T13:07:57.738Z;2025-03-15T13:11:18.075Z;42.6797822;9.4286912;7.8;179;;42.6811115;9.4290258;4.777;184;;25eac9e9f708ad66;android;14;SM-S901B;2bca021a-80dc-4633-9805-1a41f876034d;0;OpenRadiation app 3.0;;1;giocante_1;ontheroad;false;;;;;;;;;;;;;;;;;;;;;;;2025-03-15T13:40:24.653Z;groundlevel;0;106;0;series_349cce80d60b2b5485
3021143173;RiumGm;geiger;J305γβ;26;0.07631367800072704;67;(0.00000003751 * (cps * 60 - 4) ^ 2 + 0.00965 * (cps * 60 - 4)) * 0.85;2025-03-15T13:02:52.157Z;2025-03-15T13:07:54.336Z;42.6743636;9.4436146;1.8;79;5.6436973;42.6797822;9.4286912;7.8;179;;25eac9e9f708ad66;android;14;SM-S901B;ecf788f6-0093-4c43-930c-2ff9c0fb35a0;0;OpenRadiation app 3.0;;1;giocante_1;ontheroad;false;;;;;;;;;;;;;;;;;;;;;;;2025-03-15T13:40:24.589Z;groundlevel;0;107;0;series_349cce80d60b2b5485
3021143173;RiumGm;geiger;J305γβ;21;0.10267267346223313;57;(0.00000003751 * (cps * 60 - 4) ^ 2 + 0.00965 * (cps * 60 - 4)) * 0.85;2025-03-15T10:53:53.090Z;2025-03-15T10:57:20.154Z;42.550774;9.4784566;34.4;63;;42.550774;9.4784566;34.4;63;;25eac9e9f708ad66;android;14;SM-S901B;3b4dbecc-9793-4a50-92aa-e69213e7d1b3;0;OpenRadiation app 3.0;;0;giocante_1;inside;true;;;;;;;;;;;;;;;;;;;;;;;2025-03-15T13:40:28.015Z;groundlevel;0;86;0;series_b9b9f28b1aede4c8e5
3021143173;RiumGm;geiger;J305γβ;21;0.16566314984401315;121;(0.00000003751 * (cps * 60 - 4) ^ 2 + 0.00965 * (cps * 60 - 4)) * 0.85;2025-03-15T10:48:53.119Z;2025-03-15T10:53:53.180Z;42.550774;9.4784566;34.4;63;;42.550774;9.4784566;34.4;63;;25eac9e9f708ad66;android;14;SM-S901B;d05e63dc-943b-4e36-8879-4eed7c8065b8;0;OpenRadiation app 3.0;;0;giocante_1;inside;true;;;;;;;;;;;;;;;;;;;;;;;2025-03-15T13:40:27.924Z;groundlevel;0;86;0;series_b9b9f28b1aede4c8e5
3021143173;RiumGm;geiger;J305γβ;20;0.16279317369387775;120;(0.00000003751 * (cps * 60 - 4) ^ 2 + 0.00965 * (cps * 60 - 4)) * 0.85;2025-03-15T10:43:51.266Z;2025-03-15T10:48:53.213Z;42.550774;9.4784566;34.4;63;;42.550774;9.4784566;34.4;63;;25eac9e9f708ad66;android;14;SM-S901B;f4184382-0402-4951-853c-30fad2d8cd03;0;OpenRadiation app 3.0;;0;giocante_1;inside;true;;;;;;;;;;;;;;;;;;;;;;;2025-03-15T13:40:29.840Z;groundlevel;0;86;0;series_b9b9f28b1aede4c8e5
3021143173;RiumGm;geiger;J305γβ;20;0.12594924568003973;97;(0.00000003751 * (cps * 60 - 4) ^ 2 + 0.00965 * (cps * 60 - 4)) * 0.85;2025-03-15T10:38:46.770Z;2025-03-15T10:43:47.482Z;42.550774;9.4784566;34.4;63;;42.550774;9.4784566;34.4;63;;25eac9e9f708ad66;android;14;SM-S901B;d3a9fede-00cb-4135-88be-3b0a69ab9d00;0;OpenRadiation app 3.0;;0;giocante_1;inside;true;;;;;;;;;;;;;;;;;;;;;;;2025-03-15T13:40:27.852Z;groundlevel;0;86;0;series_b9b9f28b1aede4c8e5
3021143173;RiumGm;geiger;J305γβ;20;0.13123207841909482;102;(0.00000003751 * (cps * 60 - 4) ^ 2 + 0.00965 * (cps * 60 - 4)) * 0.85;2025-03-15T10:33:37.413Z;2025-03-15T10:38:43.443Z;42.550774;9.4784566;34.4;63;;42.550774;9.4784566;34.4;63;;25eac9e9f708ad66;android;14;SM-S901B;1cf89a78-60fe-43c2-97a9-71428a2e2e3a;0;OpenRadiation app 3.0;;0;giocante_1;inside;true;;;;;;;;;;;;;;;;;;;;;;;2025-03-15T13:40:27.655Z;groundlevel;0;86;0;series_b9b9f28b1aede4c8e5
3021143173;RiumGm;geiger;J305γβ;20;0.18299516522327272;132;(0.00000003751 * (cps * 60 - 4) ^ 2 + 0.00965 * (cps * 60 - 4)) * 0.85;2025-03-15T10:28:31.614Z;2025-03-15T10:33:32.666Z;42.550774;9.4784566;34.4;63;;42.550774;9.4784566;34.4;63;;25eac9e9f708ad66;android;14;SM-S901B;aa673114-ce6e-4edc-a7e6-1b3875716168;0;OpenRadiation app 3.0;;0;giocante_1;inside;true;;;;;;;;;;;;;;;;;;;;;;;2025-03-15T13:40:27.568Z;groundlevel;0;86;0;series_b9b9f28b1aede4c8e5
3021143173;RiumGm;geiger;J305γβ;20;0.12710031251668902;100;(0.00000003751 * (cps * 60 - 4) ^ 2 + 0.00965 * (cps * 60 - 4)) * 0.85;2025-03-15T10:23:23.927Z;2025-03-15T10:28:31.708Z;42.550774;9.4784566;34.4;63;;42.550774;9.4784566;34.4;63;;25eac9e9f708ad66;android;14;SM-S901B;04f306c6-a464-4922-8048-3ff4c5d16f80;0;OpenRadiation app 3.0;;0;giocante_1;inside;true;;;;;;;;;;;;;;;;;;;;;;;2025-03-15T13:40:27.449Z;groundlevel;0;86;0;series_b9b9f28b1aede4c8e5
3021143173;RiumGm;geiger;J305γβ;20;0.13358493480564954;102;(0.00000003751 * (cps * 60 - 4) ^ 2 + 0.00965 * (cps * 60 - 4)) * 0.85;2025-03-15T10:18:19.753Z;2025-03-15T10:23:21.456Z;42.550774;9.4784566;34.4;63;;42.550774;9.4784566;34.4;63;;25eac9e9f708ad66;android;14;SM-S901B;ce742bfd-5b2f-4c0e-b73e-fda0df0e288d;0;OpenRadiation app 3.0;;0;giocante_1;inside;true;;;;;;;;;;;;;;;;;;;;;;;2025-03-15T13:40:27.333Z;groundlevel;0;86;0;series_b9b9f28b1aede4c8e5
3021143173;RiumGm;geiger;J305γβ;20;0.14748343630026298;110;(0.00000003751 * (cps * 60 - 4) ^ 2 + 0.00965 * (cps * 60 - 4)) * 0.85;2025-03-15T10:13:17.645Z;2025-03-15T10:18:17.931Z;42.550774;9.4784566;34.4;63;;42.550774;9.4784566;34.4;63;;25eac9e9f708ad66;android;14;SM-S901B;acacb456-f8c4-4d0c-a2ec-07ddf79f3c34;0;OpenRadiation app 3.0;;0;giocante_1;inside;true;;;;;;;;;;;;;;;;;;;;;;;2025-03-15T13:40:27.257Z;groundlevel;0;86;0;series_b9b9f28b1aede4c8e5
3021143173;RiumGm;geiger;J305γβ;20;0.1507487114553719;114;(0.00000003751 * (cps * 60 - 4) ^ 2 + 0.00965 * (cps * 60 - 4)) * 0.85;2025-03-15T10:08:06.441Z;2025-03-15T10:13:12.111Z;42.550774;9.4784566;34.4;63;;42.550774;9.4784566;34.4;63;;25eac9e9f708ad66;android;14;SM-S901B;92dbbf43-f93d-4b15-8d86-6ab6a497af26;0;OpenRadiation app 3.0;;0;giocante_1;inside;true;;;;;;;;;;;;;;;;;;;;;;;2025-03-15T13:40:27.126Z;groundlevel;0;86;0;series_b9b9f28b1aede4c8e5
3021143173;RiumGm;geiger;J305γβ;19;0.15152061166618763;113;(0.00000003751 * (cps * 60 - 4) ^ 2 + 0.00965 * (cps * 60 - 4)) * 0.85;2025-03-15T10:03:04.810Z;2025-03-15T10:08:06.530Z;42.550774;9.4784566;34.4;63;;42.550774;9.4784566;34.4;63;;25eac9e9f708ad66;android;14;SM-S901B;a54f16dd-0c3f-411e-9526-0c8a93643d21;0;OpenRadiation app 3.0;;0;giocante_1;inside;true;;;;;;;;;;;;;;;;;;;;;;;2025-03-15T13:40:27.042Z;groundlevel;0;86;0;series_b9b9f28b1aede4c8e5
3021143173;RiumGm;geiger;J305γβ;19;0.12586850543815242;97;(0.00000003751 * (cps * 60 - 4) ^ 2 + 0.00965 * (cps * 60 - 4)) * 0.85;2025-03-15T09:58:04.039Z;2025-03-15T10:03:04.904Z;42.550774;9.4784566;34.4;63;;42.550774;9.4784566;34.4;63;;25eac9e9f708ad66;android;14;SM-S901B;5f92a600-4a07-45c6-a7ae-97eddaa02875;0;OpenRadiation app 3.0;;0;giocante_1;inside;true;;;;;;;;;;;;;;;;;;;;;;;2025-03-15T13:40:26.929Z;groundlevel;0;86;0;series_b9b9f28b1aede4c8e5
3021143173;RiumGm;geiger;J305γβ;19;0.15692985165860077;116;(0.00000003751 * (cps * 60 - 4) ^ 2 + 0.00965 * (cps * 60 - 4)) * 0.85;2025-03-15T09:53:03.211Z;2025-03-15T09:58:04.112Z;42.550774;9.4784566;34.4;63;;42.550774;9.4784566;34.4;63;;25eac9e9f708ad66;android;14;SM-S901B;7f34a63c-7854-42d6-a238-cbc3e5f6a4c0;0;OpenRadiation app 3.0;;0;giocante_1;inside;true;;;;;;;;;;;;;;;;;;;;;;;2025-03-15T13:40:26.854Z;groundlevel;0;86;0;series_b9b9f28b1aede4c8e5
3021143173;RiumGm;geiger;J305γβ;19;0.14260392108730302;107;(0.00000003751 * (cps * 60 - 4) ^ 2 + 0.00965 * (cps * 60 - 4)) * 0.85;2025-03-15T09:48:01.156Z;2025-03-15T09:53:01.377Z;42.550774;9.4784566;34.4;63;;42.550774;9.4784566;34.4;63;;25eac9e9f708ad66;android;14;SM-S901B;088df559-35ac-4c08-9353-ef16af3b3737;0;OpenRadiation app 3.0;;0;giocante_1;inside;true;;;;;;;;;;;;;;;;;;;;;;;2025-03-15T13:40:26.740Z;groundlevel;0;86;0;series_b9b9f28b1aede4c8e5
3021143173;RiumGm;geiger;J305γβ;19;0.14671310647962538;111;(0.00000003751 * (cps * 60 - 4) ^ 2 + 0.00965 * (cps * 60 - 4)) * 0.85;2025-03-15T09:42:54.804Z;2025-03-15T09:47:59.120Z;42.550774;9.4784566;34.4;63;;42.550774;9.4784566;34.4;63;;25eac9e9f708ad66;android;14;SM-S901B;8fed723f-f177-4222-b6f0-055f1bf8977b;0;OpenRadiation app 3.0;;0;giocante_1;inside;true;;;;;;;;;;;;;;;;;;;;;;;2025-03-15T13:40:26.622Z;groundlevel;0;86;0;series_b9b9f28b1aede4c8e5
3021143173;RiumGm;geiger;J305γβ;19;0.1455585357420476;109;(0.00000003751 * (cps * 60 - 4) ^ 2 + 0.00965 * (cps * 60 - 4)) * 0.85;2025-03-15T09:37:54.136Z;2025-03-15T09:42:54.903Z;42.550774;9.4784566;34.4;63;;42.550774;9.4784566;34.4;63;;25eac9e9f708ad66;android;14;SM-S901B;9e57fd96-c75e-4df2-b21c-4d47ca085059;0;OpenRadiation app 3.0;;0;giocante_1;inside;true;;;;;;;;;;;;;;;;;;;;;;;2025-03-15T13:40:26.529Z;groundlevel;0;86;0;series_b9b9f28b1aede4c8e5
3021143173;RiumGm;geiger;J305γβ;19;0.13242562204000885;101;(0.00000003751 * (cps * 60 - 4) ^ 2 + 0.00965 * (cps * 60 - 4)) * 0.85;2025-03-15T09:32:51.061Z;2025-03-15T09:37:51.902Z;42.550774;9.4784566;34.4;63;;42.550774;9.4784566;34.4;63;;25eac9e9f708ad66;android;14;SM-S901B;862363b4-18cf-40fb-bf37-88f6f5639759;0;OpenRadiation app 3.0;;0;giocante_1;inside;true;;;;;;;;;;;;;;;;;;;;;;;2025-03-15T13:40:26.414Z;groundlevel;0;86;0;series_b9b9f28b1aede4c8e5
3021143173;RiumGm;geiger;J305γβ;19;0.14985774606501773;112;(0.00000003751 * (cps * 60 - 4) ^ 2 + 0.00965 * (cps * 60 - 4)) * 0.85;2025-03-15T09:27:49.387Z;2025-03-15T09:32:51.159Z;42.550774;9.4784566;34.4;63;;42.550774;9.4784566;34.4;63;;25eac9e9f708ad66;android;14;SM-S901B;0564e79a-d97a-459c-bdbb-fb48f0e0c649;0;OpenRadiation app 3.0;;0;giocante_1;inside;true;;;;;;;;;;;;;;;;;;;;;;;2025-03-15T13:40:26.328Z;groundlevel;0;86;0;series_b9b9f28b1aede4c8e5
3021143173;RiumGm;geiger;J305γβ;19;0.11259081775310426;89;(0.00000003751 * (cps * 60 - 4) ^ 2 + 0.00965 * (cps * 60 - 4)) * 0.85;2025-03-15T09:22:46.299Z;2025-03-15T09:27:47.557Z;42.550774;9.4784566;34.4;63;;42.550774;9.4784566;34.4;63;;25eac9e9f708ad66;android;14;SM-S901B;205fd4b1-1434-4fe4-a692-0289403e7c09;0;OpenRadiation app 3.0;;0;giocante_1;inside;true;;;;;;;;;;;;;;;;;;;;;;;2025-03-15T13:40:26.205Z;groundlevel;0;86;0;series_b9b9f28b1aede4c8e5
3021143173;RiumGm;geiger;J305γβ;19;0.17829683742567448;131;(0.00000003751 * (cps * 60 - 4) ^ 2 + 0.00965 * (cps * 60 - 4)) * 0.85;2025-03-15T09:17:40.968Z;2025-03-15T09:22:46.388Z;42.550774;9.4784566;34.4;63;;42.550774;9.4784566;34.4;63;;25eac9e9f708ad66;android;14;SM-S901B;f269a686-5380-47e2-85c2-0103230401e8;0;OpenRadiation app 3.0;;0;giocante_1;inside;true;;;;;;;;;;;;;;;;;;;;;;;2025-03-15T13:40:26.103Z;groundlevel;0;86;0;series_b9b9f28b1aede4c8e5
3021143173;RiumGm;geiger;J305γβ;19;0.13111755681002887;100;(0.00000003751 * (cps * 60 - 4) ^ 2 + 0.00965 * (cps * 60 - 4)) * 0.85;2025-03-15T09:12:36.309Z;2025-03-15T09:17:36.548Z;42.550774;9.4784566;34.4;63;;42.550774;9.4784566;34.4;63;;25eac9e9f708ad66;android;14;SM-S901B;68c9abda-1e11-4678-b263-14a02e850f1a;0;OpenRadiation app 3.0;;0;giocante_1;inside;true;;;;;;;;;;;;;;;;;;;;;;;2025-03-15T13:40:26.014Z;groundlevel;0;86;0;series_b9b9f28b1aede4c8e5
3021143173;RiumGm;geiger;J305γβ;20;0.138373963130548;108;(0.00000003751 * (cps * 60 - 4) ^ 2 + 0.00965 * (cps * 60 - 4)) * 0.85;2025-03-15T09:07:25.892Z;2025-03-15T09:12:36.406Z;42.550774;9.4784566;34.4;63;;42.550774;9.4784566;34.4;63;;25eac9e9f708ad66;android;14;SM-S901B;ca8b41d7-6933-4363-84bc-b9d37422ba9d;0;OpenRadiation app 3.0;;0;giocante_1;inside;true;;;;;;;;;;;;;;;;;;;;;;;2025-03-15T13:40:25.930Z;groundlevel;0;86;0;series_b9b9f28b1aede4c8e5
3021143173;RiumGm;geiger;J305γβ;20;0.1566207181092823;116;(0.00000003751 * (cps * 60 - 4) ^ 2 + 0.00965 * (cps * 60 - 4)) * 0.85;2025-03-15T09:02:24.629Z;2025-03-15T09:07:26.021Z;42.5508172;9.4784004;45.475;61;0.7585387;42.550774;9.4784566;34.4;63;;25eac9e9f708ad66;android;14;SM-S901B;d83a7b31-7927-495b-a19e-6238a120c89f;0;OpenRadiation app 3.0;;0;giocante_1;inside;true;;;;;;;;;;;;;;;;;;;;;;;2025-03-15T13:40:25.846Z;groundlevel;0;87;0;series_b9b9f28b1aede4c8e5
1e532173;RiumGM BLE -b;geiger;J305γβ;20;0.19462635436110895;151;(0.00000003751 * (cps * 60 - 4) ^ 2 + 0.00965 * (cps * 60 - 4)) * 0.85;2025-03-15T07:38:53.184Z;2025-03-15T07:44:19.959Z;42.6794146;9.428471;25.607;202;;42.6776332;9.4306364;2200;194;;6bdfed74cbef14ad;android;10;CPH1931;71c1c631-172f-4718-b9b8-0c9b6f42e43b;0;OpenRadiation app 3.0;;0;giocante.lf--p;inside;false;;;;;;;;;;;;;;;;;;;;;;;2025-03-15T07:45:42.962Z;groundlevel;0;85;0;
1e532173;RiumGM BLE -b;geiger;J305γβ;20;0.19706460639981982;66;(0.00000003751 * (cps * 60 - 4) ^ 2 + 0.00965 * (cps * 60 - 4)) * 0.85;2025-03-15T07:36:08.799Z;2025-03-15T07:38:30.113Z;42.6794146;9.428471;25.607;202;;42.6794146;9.428471;25.607;202;;6bdfed74cbef14ad;android;10;CPH1931;fd35c5ad-1cec-40a3-9f92-cc26389fbf98;0;OpenRadiation app 3.0;;0;giocante.lf--p;inside;false;;;;;;;;;;;;;;;;;;;;;;;2025-03-15T07:45:41.333Z;groundlevel;0;85;0;
1e532173;RiumGM BLE -b;geiger;J305γβ;19;0.274804739956729;52;(0.00000003751 * (cps * 60 - 4) ^ 2 + 0.00965 * (cps * 60 - 4)) * 0.85;2025-03-15T07:33:24.411Z;2025-03-15T07:34:47.615Z;42.6794078;9.4285817;11.57;194;;42.6793832;9.4283214;640.48;201;;6bdfed74cbef14ad;android;10;CPH1931;f5f81e71-d255-4fb1-83b2-9fa8e2d26821;0;OpenRadiation app 3.0;;0;giocante.lf--p;inside;false;;;;;;;;;;;;;;;;;;;;;;;2025-03-15T07:45:39.824Z;groundlevel;0;85;1;
1e532173;RiumGM BLE -b;geiger;J305γβ;19;0.2059560471110818;53;(0.00000003751 * (cps * 60 - 4) ^ 2 + 0.00965 * (cps * 60 - 4)) * 0.85;2025-03-15T07:31:08.106Z;2025-03-15T07:32:57.360Z;42.6794078;9.4285817;11.57;194;;42.6794078;9.4285817;11.57;194;;6bdfed74cbef14ad;android;10;CPH1931;251be8c0-fea6-44c2-a6bb-7ab370b9ad76;0;OpenRadiation app 3.0;;1;giocante.lf--p;inside;false;;;;;;;;;;;;;;;;;;;;;;;2025-03-15T07:45:38.058Z;groundlevel;0;95;1;
1e532173;RiumGM BLE -b;geiger;J305γβ;19;0.1754290080407601;81;(0.00000003751 * (cps * 60 - 4) ^ 2 + 0.00965 * (cps * 60 - 4)) * 0.85;2025-03-15T07:27:15.559Z;2025-03-15T07:30:27.007Z;42.6794449;9.4283054;20.9;194;;42.6766953;9.4309836;2299.999;194;;6bdfed74cbef14ad;android;10;CPH1931;3ff4cd3e-9073-41d2-bdcd-8ae5c6e671a0;0;OpenRadiation app 3.0;;1;giocante.lf--p;inside;false;;;;;;;;;;;;;;;;;;;;;;;2025-03-15T07:45:36.062Z;groundlevel;0;95;0;
3021143173;RiumGm;geiger;J305γβ;20;0.1109445876303529;88;(0.00000003751 * (cps * 60 - 4) ^ 2 + 0.00965 * (cps * 60 - 4)) * 0.85;2025-03-14T17:22:13.562Z;2025-03-14T17:27:14.846Z;42.5501999;9.4651324;14.735;68;;42.5501999;9.4651324;14.735;68;;25eac9e9f708ad66;android;14;SM-S901B;7a70daef-0951-442a-9667-b7a2d01e522b;0;OpenRadiation app 3.0;;0;giocante_1;inside;false;;;;;;;;;;;;;;;;;;;;;;;2025-03-14T17:48:02.944Z;groundlevel;0;86;0;series_de8f2ffaaa82304896
3021143173;RiumGm;geiger;J305γβ;20;0.10798717214292414;88;(0.00000003751 * (cps * 60 - 4) ^ 2 + 0.00965 * (cps * 60 - 4)) * 0.85;2025-03-14T17:17:06.034Z;2025-03-14T17:22:13.646Z;42.5501999;9.4651324;14.735;68;;42.5501999;9.4651324;14.735;68;;25eac9e9f708ad66;android;14;SM-S901B;53683dbd-447e-4772-bce5-4e7417e11c4a;0;OpenRadiation app 3.0;;0;giocante_1;inside;false;;;;;;;;;;;;;;;;;;;;;;;2025-03-14T17:48:02.928Z;groundlevel;0;86;0;series_de8f2ffaaa82304896
3021143173;RiumGm;geiger;J305γβ;20;0.14007578324256373;106;(0.00000003751 * (cps * 60 - 4) ^ 2 + 0.00965 * (cps * 60 - 4)) * 0.85;2025-03-14T17:12:04.360Z;2025-03-14T17:17:06.124Z;42.5501999;9.4651324;14.735;68;;42.5501999;9.4651324;14.735;68;;25eac9e9f708ad66;android;14;SM-S901B;d8d86d68-aca2-4970-909e-8837516570d9;0;OpenRadiation app 3.0;;0;giocante_1;inside;false;;;;;;;;;;;;;;;;;;;;;;;2025-03-14T17:48:02.939Z;groundlevel;0;86;0;series_de8f2ffaaa82304896
3021143173;RiumGm;geiger;J305γβ;20;0.1353434675790655;103;(0.00000003751 * (cps * 60 - 4) ^ 2 + 0.00965 * (cps * 60 - 4)) * 0.85;2025-03-14T17:06:55.883Z;2025-03-14T17:11:57.358Z;42.5501999;9.4651324;14.735;68;;42.5501999;9.4651324;14.735;68;;25eac9e9f708ad66;android;14;SM-S901B;168bcdb1-b14e-4269-8778-0dce8b36bb22;0;OpenRadiation app 3.0;;0;giocante_1;inside;false;;;;;;;;;;;;;;;;;;;;;;;2025-03-14T17:48:02.841Z;groundlevel;0;86;0;series_de8f2ffaaa82304896
3021143173;RiumGm;geiger;J305γβ;20;0.12685202186708838;99;(0.00000003751 * (cps * 60 - 4) ^ 2 + 0.00965 * (cps * 60 - 4)) * 0.85;2025-03-14T17:01:49.533Z;2025-03-14T17:06:54.710Z;42.5501999;9.4651324;14.735;68;;42.5501999;9.4651324;14.735;68;;25eac9e9f708ad66;android;14;SM-S901B;6f5be6cf-eeb6-461d-b713-54e001424e53;0;OpenRadiation app 3.0;;0;giocante_1;inside;false;;;;;;;;;;;;;;;;;;;;;;;2025-03-14T17:48:03.829Z;groundlevel;0;86;0;series_de8f2ffaaa82304896
3021143173;RiumGm;geiger;J305γβ;20;0.15554073456229214;116;(0.00000003751 * (cps * 60 - 4) ^ 2 + 0.00965 * (cps * 60 - 4)) * 0.85;2025-03-14T16:56:45.848Z;2025-03-14T17:01:48.968Z;42.5501999;9.4651324;14.735;68;;42.5501999;9.4651324;14.735;68;;25eac9e9f708ad66;android;14;SM-S901B;2b9184b7-bd58-445c-8841-e06dacc3c94d;0;OpenRadiation app 3.0;;0;giocante_1;inside;false;;;;;;;;;;;;;;;;;;;;;;;2025-03-14T17:48:03.731Z;groundlevel;0;86;0;series_de8f2ffaaa82304896
3021143173;RiumGm;geiger;J305γβ;21;0.15537371885598095;116;(0.00000003751 * (cps * 60 - 4) ^ 2 + 0.00965 * (cps * 60 - 4)) * 0.85;2025-03-14T16:51:41.076Z;2025-03-14T16:56:44.465Z;42.5501999;9.4651324;14.735;68;;42.5501999;9.4651324;14.735;68;;25eac9e9f708ad66;android;14;SM-S901B;9c827774-6d84-4a3e-9843-b0d8a49ce8bc;0;OpenRadiation app 3.0;;0;giocante_1;inside;false;;;;;;;;;;;;;;;;;;;;;;;2025-03-14T17:48:03.858Z;groundlevel;0;86;0;series_de8f2ffaaa82304896
3021143173;RiumGm;geiger;J305γβ;21;0.14894524418525748;111;(0.00000003751 * (cps * 60 - 4) ^ 2 + 0.00965 * (cps * 60 - 4)) * 0.85;2025-03-14T16:46:40.567Z;2025-03-14T16:51:41.146Z;42.5501999;9.4651324;14.735;68;;42.5501999;9.4651324;14.735;68;;25eac9e9f708ad66;android;14;SM-S901B;1e2e019b-8d49-421b-b672-f398debc54b8;0;OpenRadiation app 3.0;;0;giocante_1;inside;false;;;;;;;;;;;;;;;;;;;;;;;2025-03-14T17:48:02.839Z;groundlevel;0;86;0;series_de8f2ffaaa82304896
3021143173;RiumGm;geiger;J305γβ;21;0.11960402852294898;96;(0.00000003751 * (cps * 60 - 4) ^ 2 + 0.00965 * (cps * 60 - 4)) * 0.85;2025-03-14T16:41:30.667Z;2025-03-14T16:46:40.668Z;42.5501999;9.4651324;14.735;68;;42.5501999;9.4651324;14.735;68;;25eac9e9f708ad66;android;14;SM-S901B;6cb70360-6081-4bb2-856e-0098ecb50501;0;OpenRadiation app 3.0;;0;giocante_1;inside;false;;;;;;;;;;;;;;;;;;;;;;;2025-03-14T17:48:03.724Z;groundlevel;0;86;0;series_de8f2ffaaa82304896
3021143173;RiumGm;geiger;J305γβ;22;0.11623811320374172;94;(0.00000003751 * (cps * 60 - 4) ^ 2 + 0.00965 * (cps * 60 - 4)) * 0.85;2025-03-14T16:36:14.468Z;2025-03-14T16:41:24.865Z;42.5501999;9.4651324;14.735;68;;42.5501999;9.4651324;14.735;68;;25eac9e9f708ad66;android;14;SM-S901B;cc9fc51c-92f7-4bf1-838d-47a174b72e10;0;OpenRadiation app 3.0;;0;giocante_1;inside;false;;;;;;;;;;;;;;;;;;;;;;;2025-03-14T17:48:03.857Z;groundlevel;0;86;0;series_de8f2ffaaa82304896
3021143173;RiumGm;geiger;J305γβ;23;0.12943708738001242;99;(0.00000003751 * (cps * 60 - 4) ^ 2 + 0.00965 * (cps * 60 - 4)) * 0.85;2025-03-14T16:31:14.283Z;2025-03-14T16:36:14.598Z;42.5501999;9.4651324;14.735;68;;42.5501999;9.4651324;14.735;68;;25eac9e9f708ad66;android;14;SM-S901B;985a5e2a-92a5-4196-a93d-319c0039b5cb;0;OpenRadiation app 3.0;;0;giocante_1;inside;false;;;;;;;;;;;;;;;;;;;;;;;2025-03-14T17:48:03.764Z;groundlevel;0;86;0;series_de8f2ffaaa82304896
3021143173;RiumGm;geiger;J305γβ;23;0.11667165890106496;52;(0.00000003751 * (cps * 60 - 4) ^ 2 + 0.00965 * (cps * 60 - 4)) * 0.85;2025-03-14T16:28:00.223Z;2025-03-14T16:30:51.434Z;42.5501952;9.4651241;12.562;68;0.5452236;42.5501999;9.4651324;14.735;68;;25eac9e9f708ad66;android;14;SM-S901B;4debe52d-2625-433a-a762-a6469090c555;0;OpenRadiation app 3.0;;1;giocante_1;inside;false;;;;;;;;;;;;;;;;;;;;;;;2025-03-14T17:48:26.841Z;groundlevel;0;96;0;
3021143173;RiumGm;geiger;J305γβ;21;0.06298662084218637;53;(0.00000003751 * (cps * 60 - 4) ^ 2 + 0.00965 * (cps * 60 - 4)) * 0.85;2025-03-14T14:40:43.574Z;2025-03-14T14:45:15.864Z;42.6656059;9.4338031;9.224;75;;42.6654925;9.4337674;15.723;73;;25eac9e9f708ad66;android;14;SM-S901B;f72258ea-b494-4239-a89c-d46d3580a0cb;0;OpenRadiation app 3.0;;0;giocante_1;inside;false;;;;;;;;;;;;;;;;;;;;;;;2025-03-14T17:48:29.194Z;groundlevel;0;85;0;
3021143173;RiumGm;geiger;J305γβ;21;0.121990408626242;50;(0.00000003751 * (cps * 60 - 4) ^ 2 + 0.00965 * (cps * 60 - 4)) * 0.85;2025-03-14T14:34:55.354Z;2025-03-14T14:37:34.324Z;42.6657997;9.4338207;3.476;75;;42.6657997;9.4338207;3.476;75;;25eac9e9f708ad66;android;14;SM-S901B;583fc218-e954-49df-95b7-ab056573e39d;0;OpenRadiation app 3.0;;0;giocante_1;city;false;;;;;;;;;;;;;;;;;;;;;;;2025-03-14T17:48:31.749Z;groundlevel;0;95;0;
3021143173;RiumGm;geiger;J305γβ;21;0.11540569206676982;50;(0.00000003751 * (cps * 60 - 4) ^ 2 + 0.00965 * (cps * 60 - 4)) * 0.85;2025-03-14T14:32:01.141Z;2025-03-14T14:34:47.173Z;42.6654996;9.4321216;3;79;;42.6657997;9.4338207;3.476;75;;25eac9e9f708ad66;android;14;SM-S901B;578cfd2c-6ed5-4cbf-8f41-9604afa2114d;0;OpenRadiation app 3.0;;1;giocante_1;city;false;;;;;;;;;;;;;;;;;;;;;;;2025-03-14T17:48:33.670Z;groundlevel;0;105;0;
3021143173;RiumGm;geiger;J305γβ;21;0.1205136834786822;50;(0.00000003751 * (cps * 60 - 4) ^ 2 + 0.00965 * (cps * 60 - 4)) * 0.85;2025-03-14T14:28:55.070Z;2025-03-14T14:31:35.571Z;42.6656522;9.432244;3.583;80;;42.6655891;9.4319077;3;80;;25eac9e9f708ad66;android;14;SM-S901B;602b92de-743e-4ae7-8ace-6e212bbde436;0;OpenRadiation app 3.0;;1;giocante_1;city;false;;;;;;;;;;;;;;;;;;;;;;;2025-03-14T17:48:35.016Z;groundlevel;0;105;0;
3021143173;RiumGm;geiger;J305γβ;21;0.07513545649634536;50;(0.00000003751 * (cps * 60 - 4) ^ 2 + 0.00965 * (cps * 60 - 4)) * 0.85;2025-03-14T14:24:37.211Z;2025-03-14T14:28:25.179Z;42.6656522;9.432244;3.583;80;;42.6656522;9.432244;3.583;80;;25eac9e9f708ad66;android;14;SM-S901B;ed25db6f-414a-4f58-baa1-7b15eefa333b;0;OpenRadiation app 3.0;;1;giocante_1;city;false;;;;;;;;;;;;;;;;;;;;;;;2025-03-14T17:48:36.328Z;groundlevel;0;105;0;
3021143173;RiumGm;geiger;J305γβ;23;0.12799400324746765;51;(0.00000003751 * (cps * 60 - 4) ^ 2 + 0.00965 * (cps * 60 - 4)) * 0.85;2025-03-14T14:21:32.372Z;2025-03-14T14:24:08.468Z;42.6655399;9.4324426;19.5;91;;42.6656522;9.432244;3.583;80;;25eac9e9f708ad66;android;14;SM-S901B;90554b3d-1725-49ff-834c-dca4e81bc503;0;OpenRadiation app 3.0;;0;giocante_1;city;false;;;;;;;;;;;;;;;;;;;;;;;2025-03-14T17:48:37.886Z;groundlevel;0;95;0;
3021143173;RiumGm;geiger;J305γβ;24;0.10191309985792467;165;(0.00000003751 * (cps * 60 - 4) ^ 2 + 0.00965 * (cps * 60 - 4)) * 0.85;2025-03-14T10:43:14.755Z;2025-03-14T10:53:17.530Z;42.7035844;9.4461014;14.7;76;;42.7036022;9.4462086;17.666;76;;25eac9e9f708ad66;android;14;SM-S901B;efbf8232-296b-4a45-9f9a-5d9ebe23f564;0;OpenRadiation app 3.0;;0;giocante_1;inside;false;;;;;;;;;;;;;;;;;;;;;;;2025-03-14T17:48:40.058Z;groundlevel;0;86;0;series_42b81f590ffcd61d26
3021143173;RiumGm;geiger;J305γβ;24;0.1402049980407086;213;(0.00000003751 * (cps * 60 - 4) ^ 2 + 0.00965 * (cps * 60 - 4)) * 0.85;2025-03-14T10:33:06.999Z;2025-03-14T10:43:12.921Z;42.7035357;9.4461185;41.4;76;;42.7035844;9.4461014;14.7;76;;25eac9e9f708ad66;android;14;SM-S901B;8e7dd79d-96f5-420f-a331-8b6d8e98a5da;0;OpenRadiation app 3.0;;0;giocante_1;inside;false;;;;;;;;;;;;;;;;;;;;;;;2025-03-14T17:48:39.963Z;groundlevel;0;86;0;series_42b81f590ffcd61d26
3021143173;RiumGm;geiger;J305γβ;24;0.11054611203817237;177;(0.00000003751 * (cps * 60 - 4) ^ 2 + 0.00965 * (cps * 60 - 4)) * 0.85;2025-03-14T10:22:59.420Z;2025-03-14T10:33:07.096Z;42.7035357;9.4461185;41.4;76;;42.7035357;9.4461185;41.4;76;;25eac9e9f708ad66;android;14;SM-S901B;1cf9f57a-3064-45ff-b0f7-a59039548016;0;OpenRadiation app 3.0;;0;giocante_1;inside;false;;;;;;;;;;;;;;;;;;;;;;;2025-03-14T17:48:39.859Z;groundlevel;0;86;0;series_42b81f590ffcd61d26
3021143173;RiumGm;geiger;J305γβ;24;0.12797748455839844;197;(0.00000003751 * (cps * 60 - 4) ^ 2 + 0.00965 * (cps * 60 - 4)) * 0.85;2025-03-14T10:12:55.006Z;2025-03-14T10:22:58.027Z;42.7033644;9.4460456;13.5;73;;42.7035357;9.4461185;41.4;76;;25eac9e9f708ad66;android;14;SM-S901B;3fea31cd-091e-4b4b-a6d2-b548ea0a1cfd;0;OpenRadiation app 3.0;;0;giocante_1;inside;false;;;;;;;;;;;;;;;;;;;;;;;2025-03-14T17:48:39.772Z;groundlevel;0;86;0;series_42b81f590ffcd61d26
3021143173;RiumGm;geiger;J305γβ;24;0.127723230679395;197;(0.00000003751 * (cps * 60 - 4) ^ 2 + 0.00965 * (cps * 60 - 4)) * 0.85;2025-03-14T10:02:45.886Z;2025-03-14T10:12:49.862Z;42.7033644;9.4460456;13.5;73;;42.7033644;9.4460456;13.5;73;;25eac9e9f708ad66;android;14;SM-S901B;409f2a16-e06d-46ab-83f3-f2da1f0e118f;0;OpenRadiation app 3.0;;0;giocante_1;inside;false;;;;;;;;;;;;;;;;;;;;;;;2025-03-14T17:48:39.666Z;groundlevel;0;86;0;series_42b81f590ffcd61d26
3021143173;RiumGm;geiger;J305γβ;24;0.14768985404572052;221;(0.00000003751 * (cps * 60 - 4) ^ 2 + 0.00965 * (cps * 60 - 4)) * 0.85;2025-03-14T09:52:43.369Z;2025-03-14T10:02:45.981Z;42.7036201;9.4463913;20.5;75;;42.7033644;9.4460456;13.5;73;;25eac9e9f708ad66;android;14;SM-S901B;8f488125-9e54-4df1-b5ea-597b8828b0b4;0;OpenRadiation app 3.0;;0;giocante_1;inside;false;;;;;;;;;;;;;;;;;;;;;;;2025-03-14T17:48:39.571Z;groundlevel;0;86;0;series_42b81f590ffcd61d26
3021143173;RiumGm;geiger;J305γβ;24;0.13146776044589772;201;(0.00000003751 * (cps * 60 - 4) ^ 2 + 0.00965 * (cps * 60 - 4)) * 0.85;2025-03-14T09:42:41.276Z;2025-03-14T09:52:43.470Z;42.7036201;9.4463913;20.5;75;;42.7036201;9.4463913;20.5;75;;25eac9e9f708ad66;android;14;SM-S901B;ab089fb4-5c1f-4df7-b8c4-bdb5beabb7e6;0;OpenRadiation app 3.0;;0;giocante_1;inside;false;;;;;;;;;;;;;;;;;;;;;;;2025-03-14T17:48:39.468Z;groundlevel;0;86;0;series_42b81f590ffcd61d26
3021143173;RiumGm;geiger;J305γβ;24;0.11074513934685194;178;(0.00000003751 * (cps * 60 - 4) ^ 2 + 0.00965 * (cps * 60 - 4)) * 0.85;2025-03-14T09:32:30.999Z;2025-03-14T09:42:41.261Z;42.7036201;9.4463913;20.5;75;;42.7036201;9.4463913;20.5;75;;25eac9e9f708ad66;android;14;SM-S901B;623959d0-5d38-4cdb-8dcd-b019b1245c9a;0;OpenRadiation app 3.0;;0;giocante_1;inside;false;;;;;;;;;;;;;;;;;;;;;;;2025-03-14T17:48:39.368Z;groundlevel;0;86;0;series_42b81f590ffcd61d26
3021143173;RiumGm;geiger;J305γβ;24;0.12290529875949406;190;(0.00000003751 * (cps * 60 - 4) ^ 2 + 0.00965 * (cps * 60 - 4)) * 0.85;2025-03-14T09:22:30.561Z;2025-03-14T09:32:31.098Z;42.703523;9.4460094;10.166;81;;42.7036201;9.4463913;20.5;75;;25eac9e9f708ad66;android;14;SM-S901B;16e8d7eb-9afc-49ad-9645-211bceb31099;0;OpenRadiation app 3.0;;0;giocante_1;inside;false;;;;;;;;;;;;;;;;;;;;;;;2025-03-14T17:48:39.267Z;groundlevel;0;86;0;series_42b81f590ffcd61d26
3021143173;RiumGm;geiger;J305γβ;24;0.12861679119693414;197;(0.00000003751 * (cps * 60 - 4) ^ 2 + 0.00965 * (cps * 60 - 4)) * 0.85;2025-03-14T09:12:30.022Z;2025-03-14T09:22:30.655Z;42.7035263;9.4462571;19;82;;42.703523;9.4460094;10.166;81;;25eac9e9f708ad66;android;14;SM-S901B;0dbe2b20-6be0-45a9-99c4-fa0157b0e1fb;0;OpenRadiation app 3.0;;0;giocante_1;inside;false;;;;;;;;;;;;;;;;;;;;;;;2025-03-14T17:48:39.244Z;groundlevel;0;86;0;series_42b81f590ffcd61d26
3021143173;RiumGm;geiger;J305γβ;24;0.1005305126613371;68;(0.00000003751 * (cps * 60 - 4) ^ 2 + 0.00965 * (cps * 60 - 4)) * 0.85;2025-03-14T09:08:09.547Z;2025-03-14T09:12:20.539Z;42.7035993;9.446232;21;82;4.841594;42.7035263;9.4462571;19;82;;25eac9e9f708ad66;android;14;SM-S901B;aa1cf210-8af3-46af-b8d0-d48e508930f9;0;OpenRadiation app 3.0;;0;giocante_1;inside;false;;;;;;;;;;;;;;;;;;;;;;;2025-03-14T17:48:42.305Z;groundlevel;0;86;0;
3021143173;RiumGm;geiger;J305γβ;24;0.09776883776703635;110;(0.00000003751 * (cps * 60 - 4) ^ 2 + 0.00965 * (cps * 60 - 4)) * 0.85;2025-03-14T08:48:44.756Z;2025-03-14T08:55:39.359Z;42.7036533;9.4457943;60;68;;42.7036533;9.4457943;60;68;;25eac9e9f708ad66;android;14;SM-S901B;b29fcd49-ca4c-4bdd-9bf1-a7e1cae318ac;0;OpenRadiation app 3.0;;0;giocante_1;inside;false;;;;;;;;;;;;;;;;;;;;;;;2025-03-14T17:48:43.949Z;groundlevel;0;86;0;series_4e9117c0f4a556a249
3021143173;RiumGm;geiger;J305γβ;24;0.10848000029193146;173;(0.00000003751 * (cps * 60 - 4) ^ 2 + 0.00965 * (cps * 60 - 4)) * 0.85;2025-03-14T08:38:38.306Z;2025-03-14T08:48:40.934Z;42.7036055;9.4458829;30;76;;42.7036533;9.4457943;60;68;;25eac9e9f708ad66;android;14;SM-S901B;8e3e8f01-7e76-4ff6-9e86-cf8a4cd6ea91;0;OpenRadiation app 3.0;;0;giocante_1;inside;false;;;;;;;;;;;;;;;;;;;;;;;2025-03-14T17:48:43.832Z;groundlevel;0;86;0;series_4e9117c0f4a556a249
3021143173;RiumGm;geiger;J305γβ;24;0.11139765303811862;176;(0.00000003751 * (cps * 60 - 4) ^ 2 + 0.00965 * (cps * 60 - 4)) * 0.85;2025-03-14T08:28:37.230Z;2025-03-14T08:38:37.905Z;42.7036055;9.4458829;30;76;;42.7036055;9.4458829;30;76;;25eac9e9f708ad66;android;14;SM-S901B;63abaca9-808e-436c-a6c4-e834a6e8d1b3;0;OpenRadiation app 3.0;;0;giocante_1;inside;false;;;;;;;;;;;;;;;;;;;;;;;2025-03-14T17:48:43.731Z;groundlevel;0;86;0;series_4e9117c0f4a556a249
3021143173;RiumGm;geiger;J305γβ;24;0.1300177255464251;199;(0.00000003751 * (cps * 60 - 4) ^ 2 + 0.00965 * (cps * 60 - 4)) * 0.85;2025-03-14T08:18:33.340Z;2025-03-14T08:28:34.851Z;42.7036055;9.4458829;30;76;;42.7036055;9.4458829;30;76;;25eac9e9f708ad66;android;14;SM-S901B;759875fb-1deb-4be9-ad58-5534e8d70921;0;OpenRadiation app 3.0;;0;giocante_1;inside;false;;;;;;;;;;;;;;;;;;;;;;;2025-03-14T17:48:43.620Z;groundlevel;0;86;0;series_4e9117c0f4a556a249
3021143173;RiumGm;geiger;J305γβ;24;0.11665975551830403;183;(0.00000003751 * (cps * 60 - 4) ^ 2 + 0.00965 * (cps * 60 - 4)) * 0.85;2025-03-14T08:08:30.840Z;2025-03-14T08:18:33.419Z;42.7036055;9.4458829;30;76;;42.7036055;9.4458829;30;76;;25eac9e9f708ad66;android;14;SM-S901B;f833b0fd-3287-4e4d-ac36-3476b295cf25;0;OpenRadiation app 3.0;;0;giocante_1;inside;false;;;;;;;;;;;;;;;;;;;;;;;2025-03-14T17:48:43.543Z;groundlevel;0;86;0;series_4e9117c0f4a556a249
3021143173;RiumGm;geiger;J305γβ;23;0.1331948437838318;203;(0.00000003751 * (cps * 60 - 4) ^ 2 + 0.00965 * (cps * 60 - 4)) * 0.85;2025-03-14T07:58:29.069Z;2025-03-14T08:08:30.928Z;42.703605;9.4458584;36.9;76;;42.7036055;9.4458829;30;76;;25eac9e9f708ad66;android;14;SM-S901B;ca17bf42-f9d5-4dac-8733-e8eda53a008b;0;OpenRadiation app 3.0;;0;giocante_1;inside;false;;;;;;;;;;;;;;;;;;;;;;;2025-03-14T17:48:43.468Z;groundlevel;0;86;0;series_4e9117c0f4a556a249
3021143173;RiumGm;geiger;J305γβ;21;0.1434015126384345;105;(0.00000003751 * (cps * 60 - 4) ^ 2 + 0.00965 * (cps * 60 - 4)) * 0.85;2025-03-13T20:52:58.185Z;2025-03-13T20:57:51.461Z;42.6613199;9.4284803;17.75;91;;42.6617902;9.4288292;14.504;91;;25eac9e9f708ad66;android;14;SM-S901B;6009076f-1f28-4444-943a-ea4afc0bcc03;0;OpenRadiation app 3.0;;0;giocante_1;inside;true;;;;;;;;;;;;;;;;;;;;;;;2025-03-13T20:58:31.439Z;groundlevel;0;86;0;series_28ba04874120251de0
3021143173;RiumGm;geiger;J305γβ;21;0.16345282353514082;121;(0.00000003751 * (cps * 60 - 4) ^ 2 + 0.00965 * (cps * 60 - 4)) * 0.85;2025-03-13T20:47:54.867Z;2025-03-13T20:52:58.307Z;42.6615066;9.4288416;33.138;91;;42.6613199;9.4284803;17.75;91;;25eac9e9f708ad66;android;14;SM-S901B;701fe830-9040-4254-9c95-494c498f3c4e;0;OpenRadiation app 3.0;;0;giocante_1;inside;true;;;;;;;;;;;;;;;;;;;;;;;2025-03-13T20:58:31.427Z;groundlevel;0;86;0;series_28ba04874120251de0
3021143173;RiumGm;geiger;J305γβ;21;0.1427318417973561;108;(0.00000003751 * (cps * 60 - 4) ^ 2 + 0.00965 * (cps * 60 - 4)) * 0.85;2025-03-13T20:42:52.153Z;2025-03-13T20:47:54.959Z;42.6615066;9.4288416;33.138;91;;42.6615066;9.4288416;33.138;91;;25eac9e9f708ad66;android;14;SM-S901B;1a27b30b-472f-435c-89c8-22cae398b95c;0;OpenRadiation app 3.0;;0;giocante_1;inside;true;;;;;;;;;;;;;;;;;;;;;;;2025-03-13T20:58:31.421Z;groundlevel;0;86;0;series_28ba04874120251de0
3021143173;RiumGm;geiger;J305γβ;21;0.12101083727985594;96;(0.00000003751 * (cps * 60 - 4) ^ 2 + 0.00965 * (cps * 60 - 4)) * 0.85;2025-03-13T20:37:45.069Z;2025-03-13T20:42:52.235Z;42.661473;9.4288706;27.662;91;;42.6615066;9.4288416;33.138;91;;25eac9e9f708ad66;android;14;SM-S901B;1ba1ac47-2c51-47df-9547-d3e91581c0e1;0;OpenRadiation app 3.0;;0;giocante_1;inside;true;;;;;;;;;;;;;;;;;;;;;;;2025-03-13T20:58:31.416Z;groundlevel;0;86;0;series_28ba04874120251de0
3021143173;RiumGm;geiger;J305γβ;21;0.15563959335863883;116;(0.00000003751 * (cps * 60 - 4) ^ 2 + 0.00965 * (cps * 60 - 4)) * 0.85;2025-03-13T20:32:42.207Z;2025-03-13T20:37:45.168Z;42.6616051;9.4287183;20.166;91;;42.661473;9.4288706;27.662;91;;25eac9e9f708ad66;android;14;SM-S901B;cade089d-e8c1-4d76-b003-1f05ef721454;0;OpenRadiation app 3.0;;0;giocante_1;inside;true;;;;;;;;;;;;;;;;;;;;;;;2025-03-13T20:58:31.350Z;groundlevel;0;86;0;series_28ba04874120251de0
3021143173;RiumGm;geiger;J305γβ;21;0.16284696124781303;120;(0.00000003751 * (cps * 60 - 4) ^ 2 + 0.00965 * (cps * 60 - 4)) * 0.85;2025-03-13T20:27:40.440Z;2025-03-13T20:32:42.304Z;42.6615375;9.428901;20.3;91;;42.6616051;9.4287183;20.166;91;;25eac9e9f708ad66;android;14;SM-S901B;2f454b17-35a8-4498-be1d-989f07de765c;0;OpenRadiation app 3.0;;0;giocante_1;inside;true;;;;;;;;;;;;;;;;;;;;;;;2025-03-13T20:58:31.348Z;groundlevel;0;86;0;series_28ba04874120251de0
3021143173;RiumGm;geiger;J305γβ;21;0.17830126268878674;132;(0.00000003751 * (cps * 60 - 4) ^ 2 + 0.00965 * (cps * 60 - 4)) * 0.85;2025-03-13T20:22:30.050Z;2025-03-13T20:27:37.795Z;42.6613728;9.4289557;23.1;91;;42.6615375;9.428901;20.3;91;;25eac9e9f708ad66;android;14;SM-S901B;5a6fadae-abb2-4562-82eb-29b370cc59b9;0;OpenRadiation app 3.0;;0;giocante_1;inside;true;;;;;;;;;;;;;;;;;;;;;;;2025-03-13T20:58:31.346Z;groundlevel;0;86;0;series_28ba04874120251de0
3021143173;RiumGm;geiger;J305γβ;21;0.12541147535237937;97;(0.00000003751 * (cps * 60 - 4) ^ 2 + 0.00965 * (cps * 60 - 4)) * 0.85;2025-03-13T20:17:23.279Z;2025-03-13T20:22:25.013Z;42.6613278;9.428719;29.629;91;;42.6613728;9.4289557;23.1;91;;25eac9e9f708ad66;android;14;SM-S901B;4ec787c9-de07-4930-82eb-b57e103258ac;0;OpenRadiation app 3.0;;0;giocante_1;inside;true;;;;;;;;;;;;;;;;;;;;;;;2025-03-13T20:58:31.338Z;groundlevel;0;86;0;series_28ba04874120251de0
3021143173;RiumGm;geiger;J305γβ;21;0.1697419096127663;124;(0.00000003751 * (cps * 60 - 4) ^ 2 + 0.00965 * (cps * 60 - 4)) * 0.85;2025-03-13T20:12:22.048Z;2025-03-13T20:17:23.357Z;42.661395;9.4288701;21;91;;42.6613278;9.428719;29.629;91;;25eac9e9f708ad66;android;14;SM-S901B;ac032b85-2f8b-4855-9bf3-41d8455788a7;0;OpenRadiation app 3.0;;0;giocante_1;inside;true;;;;;;;;;;;;;;;;;;;;;;;2025-03-13T20:58:31.338Z;groundlevel;0;86;0;series_28ba04874120251de0
3021143173;RiumGm;geiger;J305γβ;21;0.16597846586385293;122;(0.00000003751 * (cps * 60 - 4) ^ 2 + 0.00965 * (cps * 60 - 4)) * 0.85;2025-03-13T20:07:20.090Z;2025-03-13T20:12:22.151Z;42.66028;9.428769;17.467;91;;42.661395;9.4288701;21;91;;25eac9e9f708ad66;android;14;SM-S901B;21bbafbc-d58b-4a68-83ea-3e485992e221;0;OpenRadiation app 3.0;;0;giocante_1;inside;true;;;;;;;;;;;;;;;;;;;;;;;2025-03-13T20:58:31.333Z;groundlevel;0;86;0;series_28ba04874120251de0
3021143173;RiumGm;geiger;J305γβ;21;0.1380528074822993;105;(0.00000003751 * (cps * 60 - 4) ^ 2 + 0.00965 * (cps * 60 - 4)) * 0.85;2025-03-13T20:02:17.475Z;2025-03-13T20:07:19.931Z;42.6617158;9.4290532;21.7;91;;42.66028;9.428769;17.467;91;;25eac9e9f708ad66;android;14;SM-S901B;3e29c0fc-601f-458a-a970-5ddbe16220b3;0;OpenRadiation app 3.0;;0;giocante_1;inside;true;;;;;;;;;;;;;;;;;;;;;;;2025-03-13T20:58:31.329Z;groundlevel;0;86;0;series_28ba04874120251de0
3021143173;RiumGm;geiger;J305γβ;21;0.13021933267012836;101;(0.00000003751 * (cps * 60 - 4) ^ 2 + 0.00965 * (cps * 60 - 4)) * 0.85;2025-03-13T19:57:12.659Z;2025-03-13T20:02:17.571Z;42.6614162;9.4289807;28.963;91;;42.6617158;9.4290532;21.7;91;;25eac9e9f708ad66;android;14;SM-S901B;9c44bdcb-4950-490d-a253-a3e8f3d16e5d;0;OpenRadiation app 3.0;;0;giocante_1;inside;true;;;;;;;;;;;;;;;;;;;;;;;2025-03-13T20:58:31.317Z;groundlevel;0;86;0;series_28ba04874120251de0
3021143173;RiumGm;geiger;J305γβ;21;0.14014858011132278;106;(0.00000003751 * (cps * 60 - 4) ^ 2 + 0.00965 * (cps * 60 - 4)) * 0.85;2025-03-13T19:52:09.038Z;2025-03-13T19:57:10.675Z;42.6610432;9.4287024;38.582;91;;42.6614162;9.4289807;28.963;91;;25eac9e9f708ad66;android;14;SM-S901B;c58f03a0-f59e-4e35-b596-ee2bb9c0a3c4;0;OpenRadiation app 3.0;;0;giocante_1;inside;true;;;;;;;;;;;;;;;;;;;;;;;2025-03-13T20:58:31.315Z;groundlevel;0;86;0;series_28ba04874120251de0
3021143173;RiumGm;geiger;J305γβ;21;0.11976068292795723;94;(0.00000003751 * (cps * 60 - 4) ^ 2 + 0.00965 * (cps * 60 - 4)) * 0.85;2025-03-13T19:47:05.883Z;2025-03-13T19:52:09.114Z;42.6615309;9.4292149;18.403;91;;42.6610432;9.4287024;38.582;91;;25eac9e9f708ad66;android;14;SM-S901B;d05723be-3a9e-4a3e-be1d-224237bfcf2c;0;OpenRadiation app 3.0;;0;giocante_1;inside;true;;;;;;;;;;;;;;;;;;;;;;;2025-03-13T20:58:31.244Z;groundlevel;0;86;0;series_28ba04874120251de0
3021143173;RiumGm;geiger;J305γβ;21;0.1481693865340017;112;(0.00000003751 * (cps * 60 - 4) ^ 2 + 0.00965 * (cps * 60 - 4)) * 0.85;2025-03-13T19:42:01.385Z;2025-03-13T19:47:05.972Z;42.6613936;9.4289438;12.467;91;;42.6615309;9.4292149;18.403;91;;25eac9e9f708ad66;android;14;SM-S901B;e1392f2e-774f-4a55-9818-dcfd9fd24c91;0;OpenRadiation app 3.0;;0;giocante_1;inside;true;;;;;;;;;;;;;;;;;;;;;;;2025-03-13T20:58:31.424Z;groundlevel;0;86;0;series_28ba04874120251de0
3021143173;RiumGm;geiger;J305γβ;21;0.14809115881106188;111;(0.00000003751 * (cps * 60 - 4) ^ 2 + 0.00965 * (cps * 60 - 4)) * 0.85;2025-03-13T19:36:59.484Z;2025-03-13T19:42:01.482Z;42.6610951;9.4292245;21.5;91;;42.6613936;9.4289438;12.467;91;;25eac9e9f708ad66;android;14;SM-S901B;edc40142-62fc-430e-bded-9886db0f8b18;0;OpenRadiation app 3.0;;0;giocante_1;inside;true;;;;;;;;;;;;;;;;;;;;;;;2025-03-13T20:58:31.334Z;groundlevel;0;86;0;series_28ba04874120251de0
3021143173;RiumGm;geiger;J305γβ;21;0.15056268267657388;112;(0.00000003751 * (cps * 60 - 4) ^ 2 + 0.00965 * (cps * 60 - 4)) * 0.85;2025-03-13T19:31:58.949Z;2025-03-13T19:36:59.561Z;42.6614277;9.4293113;24.333;91;6.5787444;42.6610951;9.4292245;21.5;91;;25eac9e9f708ad66;android;14;SM-S901B;517a3787-8211-4990-9ee1-6c7cab08f3cc;0;OpenRadiation app 3.0;;0;giocante_1;inside;true;;;;;;;;;;;;;;;;;;;;;;;2025-03-13T20:58:31.320Z;groundlevel;0;87;0;series_28ba04874120251de0
3021143173;RiumGm;geiger;J305γβ;21;0.15349905419330998;114;(0.00000003751 * (cps * 60 - 4) ^ 2 + 0.00965 * (cps * 60 - 4)) * 0.85;2025-03-13T19:26:55.970Z;2025-03-13T19:31:57.128Z;42.6612447;9.4290598;20;91;;42.661193;9.4288256;77.6;91;;25eac9e9f708ad66;android;14;SM-S901B;72050d4e-9dc8-444b-ae25-afb44c78966c;0;OpenRadiation app 3.0;;0;giocante_1;inside;true;;;;;;;;;;;;;;;;;;;;;;;2025-03-13T20:58:31.741Z;groundlevel;0;86;0;series_28ba04874120251de0
3021143173;RiumGm;geiger;J305γβ;21;0.14839666704133522;112;(0.00000003751 * (cps * 60 - 4) ^ 2 + 0.00965 * (cps * 60 - 4)) * 0.85;2025-03-13T19:21:51.868Z;2025-03-13T19:26:56.073Z;42.6613368;9.4287514;12.019;91;;42.6612447;9.4290598;20;91;;25eac9e9f708ad66;android;14;SM-S901B;ebedb1bb-41b4-4eeb-bbd0-25cb3dfe142c;0;OpenRadiation app 3.0;;0;giocante_1;inside;true;;;;;;;;;;;;;;;;;;;;;;;2025-03-13T20:58:31.763Z;groundlevel;0;86;0;series_28ba04874120251de0
3021143173;RiumGm;geiger;J305γβ;21;0.13035882572675495;100;(0.00000003751 * (cps * 60 - 4) ^ 2 + 0.00965 * (cps * 60 - 4)) * 0.85;2025-03-13T19:16:50.308Z;2025-03-13T19:21:51.943Z;42.6613268;9.4287526;13.333;91;;42.6613368;9.4287514;12.019;91;;25eac9e9f708ad66;android;14;SM-S901B;1e3b79b2-d10d-4a47-84d8-3db919f59548;0;OpenRadiation app 3.0;;0;giocante_1;inside;true;;;;;;;;;;;;;;;;;;;;;;;2025-03-13T20:58:31.715Z;groundlevel;0;86;0;series_28ba04874120251de0
3021143173;RiumGm;geiger;J305γβ;21;0.1531865196132236;114;(0.00000003751 * (cps * 60 - 4) ^ 2 + 0.00965 * (cps * 60 - 4)) * 0.85;2025-03-13T19:11:44.156Z;2025-03-13T19:16:45.820Z;42.6612401;9.4289188;15.364;91;;42.6613268;9.4287526;13.333;91;;25eac9e9f708ad66;android;14;SM-S901B;6f23ab9f-b35a-4e08-89b6-176112e79c82;0;OpenRadiation app 3.0;;0;giocante_1;inside;true;;;;;;;;;;;;;;;;;;;;;;;2025-03-13T20:58:31.232Z;groundlevel;0;86;0;series_28ba04874120251de0
3021143173;RiumGm;geiger;J305γβ;21;0.1453773934228954;111;(0.00000003751 * (cps * 60 - 4) ^ 2 + 0.00965 * (cps * 60 - 4)) * 0.85;2025-03-13T19:06:35.742Z;2025-03-13T19:11:42.339Z;42.6614872;9.4280047;15.352;91;4.4399686;42.6612401;9.4289188;15.364;91;;25eac9e9f708ad66;android;14;SM-S901B;1ce87ffe-47bf-4540-8dac-91c40f4875b8;0;OpenRadiation app 3.0;;0;giocante_1;inside;true;;;;;;;;;;;;;;;;;;;;;;;2025-03-13T20:58:31.760Z;groundlevel;0;87;0;series_28ba04874120251de0
3021143173;RiumGm;geiger;J305γβ;21;0.1486231608501615;113;(0.00000003751 * (cps * 60 - 4) ^ 2 + 0.00965 * (cps * 60 - 4)) * 0.85;2025-03-13T19:01:24.895Z;2025-03-13T19:06:31.433Z;42.6611765;9.4281813;36.75;91;4.316216;42.6612127;9.4287949;56.1;91;;25eac9e9f708ad66;android;14;SM-S901B;9057ed26-2491-475d-abfe-971c26cce4f0;0;OpenRadiation app 3.0;;0;giocante_1;inside;true;;;;;;;;;;;;;;;;;;;;;;;2025-03-13T20:58:31.146Z;groundlevel;0;87;0;series_28ba04874120251de0
3021143173;RiumGm;geiger;J305γβ;21;0.18432633242923271;134;(0.00000003751 * (cps * 60 - 4) ^ 2 + 0.00965 * (cps * 60 - 4)) * 0.85;2025-03-13T18:56:21.252Z;2025-03-13T19:01:24.992Z;42.6611985;9.4288348;60;91;;42.6611985;9.4288348;60;91;;25eac9e9f708ad66;android;14;SM-S901B;43aefd36-c1d4-4e5f-bbef-5998a465375b;0;OpenRadiation app 3.0;;0;giocante_1;inside;true;;;;;;;;;;;;;;;;;;;;;;;2025-03-13T20:58:31.748Z;groundlevel;0;86;0;series_28ba04874120251de0
3021143173;RiumGm;geiger;J305γβ;21;0.1343949894597389;103;(0.00000003751 * (cps * 60 - 4) ^ 2 + 0.00965 * (cps * 60 - 4)) * 0.85;2025-03-13T18:51:17.104Z;2025-03-13T18:56:20.289Z;42.6611765;9.4281813;36.75;91;4.316216;42.6611985;9.4288348;60;91;;25eac9e9f708ad66;android;14;SM-S901B;4ecc4591-1f6c-4080-9d14-8aeb5a8261ab;0;OpenRadiation app 3.0;;0;giocante_1;inside;true;;;;;;;;;;;;;;;;;;;;;;;2025-03-13T20:58:31.644Z;groundlevel;0;87;0;series_28ba04874120251de0
3021143173;RiumGm;geiger;J305γβ;19;0.14147535176493276;69;(0.00000003751 * (cps * 60 - 4) ^ 2 + 0.00965 * (cps * 60 - 4)) * 0.85;2025-03-13T17:29:26.442Z;2025-03-13T17:32:41.296Z;42.6617022;9.4285833;43;91;;42.6612241;9.4288275;10.916;91;;25eac9e9f708ad66;android;14;SM-S901B;f3f9470a-2db1-4c24-8575-4b839121fd6e;0;OpenRadiation app 3.0;;0;giocante_1;inside;true;;;;;;;;;;;;;;;;;;;;;;;2025-03-13T20:58:34.307Z;groundlevel;0;86;0;series_30a70fe464fe8d4eb8
3021143173;RiumGm;geiger;J305γβ;17;0.1436433003505396;108;(0.00000003751 * (cps * 60 - 4) ^ 2 + 0.00965 * (cps * 60 - 4)) * 0.85;2025-03-13T17:24:25.294Z;2025-03-13T17:29:26.536Z;42.661252;9.4288821;12.5;91;;42.6617022;9.4285833;43;91;;25eac9e9f708ad66;android;14;SM-S901B;fc9409ca-86d2-440c-b71e-00b6b81156c9;0;OpenRadiation app 3.0;;0;giocante_1;inside;true;;;;;;;;;;;;;;;;;;;;;;;2025-03-13T20:58:34.235Z;groundlevel;0;86;0;series_30a70fe464fe8d4eb8
3021143173;RiumGm;geiger;J305γβ;16;0.15338134583099683;59;(0.00000003751 * (cps * 60 - 4) ^ 2 + 0.00965 * (cps * 60 - 4)) * 0.85;2025-03-13T17:21:18.116Z;2025-03-13T17:23:54.077Z;42.661252;9.4288821;12.5;91;;42.661252;9.4288821;12.5;91;;25eac9e9f708ad66;android;14;SM-S901B;16b40037-0f8c-431f-b43e-de842e0c838c;0;OpenRadiation app 3.0;;0;giocante_1;city;true;;;;;;;;;;;;;;;;;;;;;;;2025-03-13T20:58:36.326Z;groundlevel;0;96;0;series_ebbc5681ef796d6302
3021143173;RiumGm;geiger;J305γβ;16;0.13493114247037058;103;(0.00000003751 * (cps * 60 - 4) ^ 2 + 0.00965 * (cps * 60 - 4)) * 0.85;2025-03-13T17:16:15.988Z;2025-03-13T17:21:18.204Z;42.661252;9.4288821;12.5;91;;42.661252;9.4288821;12.5;91;;25eac9e9f708ad66;android;14;SM-S901B;7d5be835-1a1a-465a-8b1e-ff3f9054c665;0;OpenRadiation app 3.0;;0;giocante_1;city;true;;;;;;;;;;;;;;;;;;;;;;;2025-03-13T20:58:36.323Z;groundlevel;0;96;0;series_ebbc5681ef796d6302
3021143173;RiumGm;geiger;J305γβ;16;0.1383476606011863;105;(0.00000003751 * (cps * 60 - 4) ^ 2 + 0.00965 * (cps * 60 - 4)) * 0.85;2025-03-13T17:11:12.638Z;2025-03-13T17:16:14.573Z;42.661252;9.4288821;12.5;91;;42.661252;9.4288821;12.5;91;;25eac9e9f708ad66;android;14;SM-S901B;efbdafd8-9656-434f-95d0-c794403d12e2;0;OpenRadiation app 3.0;;0;giocante_1;city;true;;;;;;;;;;;;;;;;;;;;;;;2025-03-13T20:58:36.119Z;groundlevel;0;96;0;series_ebbc5681ef796d6302
3021143173;RiumGm;geiger;J305γβ;17;0.12206373757617447;95;(0.00000003751 * (cps * 60 - 4) ^ 2 + 0.00965 * (cps * 60 - 4)) * 0.85;2025-03-13T17:06:10.823Z;2025-03-13T17:11:12.723Z;42.661252;9.4288821;12.5;91;;42.661252;9.4288821;12.5;91;;25eac9e9f708ad66;android;14;SM-S901B;0d74c2a5-0d60-40a4-af4b-679158e2a814;0;OpenRadiation app 3.0;;0;giocante_1;city;true;;;;;;;;;;;;;;;;;;;;;;;2025-03-13T20:58:36.080Z;groundlevel;0;96;0;series_ebbc5681ef796d6302
3021143173;RiumGm;geiger;J305γβ;19;0.13033935248118061;100;(0.00000003751 * (cps * 60 - 4) ^ 2 + 0.00965 * (cps * 60 - 4)) * 0.85;2025-03-13T17:01:04.789Z;2025-03-13T17:06:06.460Z;42.661252;9.4288821;12.5;91;;42.661252;9.4288821;12.5;91;;25eac9e9f708ad66;android;14;SM-S901B;4ebcedbb-6670-4ad3-86ad-a0d202e1bcc6;0;OpenRadiation app 3.0;;0;giocante_1;city;true;;;;;;;;;;;;;;;;;;;;;;;2025-03-13T20:58:35.920Z;groundlevel;0;96;0;series_ebbc5681ef796d6302
3021143173;RiumGm;geiger;J305γβ;22;0.1439843078615322;108;(0.00000003751 * (cps * 60 - 4) ^ 2 + 0.00965 * (cps * 60 - 4)) * 0.85;2025-03-13T16:56:04.231Z;2025-03-13T17:01:04.892Z;42.6612806;9.4289209;10.25;91;;42.661252;9.4288821;12.5;91;;25eac9e9f708ad66;android;14;SM-S901B;ac3304c8-6587-4761-b99d-44f08d36a464;0;OpenRadiation app 3.0;;0;giocante_1;city;true;;;;;;;;;;;;;;;;;;;;;;;2025-03-13T20:58:35.855Z;groundlevel;0;96;0;series_ebbc5681ef796d6302
3021143173;RiumGm;geiger;J305γβ;23;0.17782147950798094;52;(0.00000003751 * (cps * 60 - 4) ^ 2 + 0.00965 * (cps * 60 - 4)) * 0.85;2025-03-13T12:54:13.382Z;2025-03-13T12:56:14.891Z;42.7029019;9.4451407;39.833;44;;42.7022808;9.449528;86.916;45;;25eac9e9f708ad66;android;14;SM-S901B;16e2c311-6911-4bb2-a0b8-824630677811;0;OpenRadiation app 3.0;;1;giocante_1;inside;false;;;;;;;;;;;;;;;;;;;;;;;2025-03-13T20:58:38.196Z;groundlevel;0;96;0;series_4f8cc342cabbedcd7e
3021143173;RiumGm;geiger;J305γβ;23;0.12521663444770637;97;(0.00000003751 * (cps * 60 - 4) ^ 2 + 0.00965 * (cps * 60 - 4)) * 0.85;2025-03-13T12:49:11.375Z;2025-03-13T12:54:13.481Z;42.7034804;9.4453704;24.3;44;;42.7029019;9.4451407;39.833;44;;25eac9e9f708ad66;android;14;SM-S901B;c4f18a3d-742f-4b21-b2e9-a2345555e77c;0;OpenRadiation app 3.0;;1;giocante_1;inside;false;;;;;;;;;;;;;;;;;;;;;;;2025-03-13T20:58:38.104Z;groundlevel;0;96;0;series_4f8cc342cabbedcd7e
3021143173;RiumGm;geiger;J305γβ;22;0.11800145124193503;92;(0.00000003751 * (cps * 60 - 4) ^ 2 + 0.00965 * (cps * 60 - 4)) * 0.85;2025-03-13T12:44:09.316Z;2025-03-13T12:49:09.557Z;42.703471;9.445709;24.3;28;;42.7034804;9.4453704;24.3;44;;25eac9e9f708ad66;android;14;SM-S901B;ef0521a0-8adb-4fc6-bb0c-0c2a639b83a2;0;OpenRadiation app 3.0;;1;giocante_1;inside;false;;;;;;;;;;;;;;;;;;;;;;;2025-03-13T20:58:37.996Z;groundlevel;0;96;0;series_4f8cc342cabbedcd7e
3021143173;RiumGm;geiger;J305γβ;22;0.10112299016893551;82;(0.00000003751 * (cps * 60 - 4) ^ 2 + 0.00965 * (cps * 60 - 4)) * 0.85;2025-03-13T12:39:03.310Z;2025-03-13T12:44:04.638Z;42.703471;9.445709;24.3;28;;42.703471;9.445709;24.3;28;;25eac9e9f708ad66;android;14;SM-S901B;ed1ef10c-ff1e-4599-849d-83fc43d6b7a1;0;OpenRadiation app 3.0;;1;giocante_1;inside;false;;;;;;;;;;;;;;;;;;;;;;;2025-03-13T20:58:37.920Z;groundlevel;0;96;0;series_4f8cc342cabbedcd7e
3021143173;RiumGm;geiger;J305γβ;22;0.10617134514933833;85;(0.00000003751 * (cps * 60 - 4) ^ 2 + 0.00965 * (cps * 60 - 4)) * 0.85;2025-03-13T12:34:00.625Z;2025-03-13T12:39:01.632Z;42.703471;9.445709;24.3;28;;42.703471;9.445709;24.3;28;;25eac9e9f708ad66;android;14;SM-S901B;77bd2d75-b3a4-4f98-ad5d-f3670e1e384e;0;OpenRadiation app 3.0;;1;giocante_1;inside;false;;;;;;;;;;;;;;;;;;;;;;;2025-03-13T20:58:37.793Z;groundlevel;0;96;0;series_4f8cc342cabbedcd7e
3021143173;RiumGm;geiger;J305γβ;22;0.10631324714176318;85;(0.00000003751 * (cps * 60 - 4) ^ 2 + 0.00965 * (cps * 60 - 4)) * 0.85;2025-03-13T12:29:00.004Z;2025-03-13T12:34:00.704Z;42.7038915;9.4456004;34.416;81;10.922615;42.703471;9.445709;24.3;28;;25eac9e9f708ad66;android;14;SM-S901B;1f1c8d93-0cdd-4bed-85d9-4f876aa0f59e;0;OpenRadiation app 3.0;;1;giocante_1;inside;false;;;;;;;;;;;;;;;;;;;;;;;2025-03-13T20:58:37.727Z;groundlevel;0;97;0;series_4f8cc342cabbedcd7e
